transaction_id,timestamp,sender_id,receiver_id,amount,merchant_category,transaction_type,location,device_type,upi_channel,hour_of_day,day_of_week,risk_label,historical_avg_amount,amount_deviation
TXN000001,00:00.0,USER0655,MERCHANT0173,297.89,Utilities,Bill Payment,Pune,Android,PhonePe,0,Thursday,1,327.78,-29.89
TXN000002,19:27.6,USER0115,MERCHANT0390,157.86,Grocery,P2M,Mumbai,ios,Google Pay,4,Thursday,1,390.4,-232.54
TXN000003,38:55.1,USER0026,MERCHANT0451,346.43,Shopping,P2M,Mumbai,Android,BHIM,8,Thursday,0,444.52,-98.09
TXN000004,58:22.7,USER0760,MERCHANT0195,831.33,Healthcare,Bill Payment,Pune,Web,Google Pay,12,Thursday,0,671.85,159.48
TXN000005,17:50.3,USER0282,MERCHANT0143,143.43,Food,P2M,Mumbai,ios,Google Pay,17,Thursday,0,148.4,-4.97
TXN000006,37:17.8,USER0251,MERCHANT0386,143.43,Food,Bill Payment,Hyderanbad,Web,PhonePe,21,Thursday,0,285.6,-142.17
TXN000007,56:45.4,USER0229,MERCHANT0488,879.38,Utilities,Bill Payment,Chennai,Web,Paytm,1,Friday,1,509.92,369.46
TXN000008,16:13.0,USER0143,MERCHANT0426,390.5,Shopping,P2P,Bangalore,Android,Google Pay,6,Friday,0,239.62,150.88
TXN000009,35:40.5,USER0755,MERCHANT0216,113.36,Healthcare,Bill Payment,Delhi,Web,Google Pay,10,Friday,0,127.49,-14.13
TXN000010,55:08.1,USER0105,MERCHANT0130,311.86,Food,P2M,Bangalore,ios,Google Pay,14,Friday,0,217.6,94.26
TXN000011,14:35.7,USER0693,MERCHANT0428,114.04,Grocery,Bill Payment,Delhi,Web,Google Pay,19,Friday,0,114.04,0
TXN000012,34:03.2,USER0759,MERCHANT0042,113.78,Entertainment,P2M,Pune,Android,Paytm,23,Friday,0,113.78,0
TXN000013,53:30.8,USER0914,MERCHANT0241,230.89,Healthcare,Bill Payment,Pune,Android,PhonePe,3,Saturday,1,134.41,96.48
TXN000014,12:58.4,USER0559,MERCHANT0010,26.75,Grocery,P2P,Delhi,ios,Google Pay,8,Saturday,0,119.47,-92.72
TXN000015,32:25.9,USER0090,MERCHANT0384,32.3,Food,P2M,Chennai,Android,BHIM,12,Saturday,0,32.3,0
TXN000016,51:53.5,USER0605,MERCHANT0277,103.31,Grocery,P2M,Mumbai,Web,Paytm,16,Saturday,0,103.31,0
TXN000017,11:21.1,USER0433,MERCHANT0027,65.84,Shopping,P2M,Pune,ios,PhonePe,21,Saturday,0,140.09,-74.25
TXN000018,30:48.6,USER0033,MERCHANT0488,248.2,Healthcare,Bill Payment,Hyderanbad,ios,BHIM,1,Sunday,1,156.67,91.53
TXN000019,50:16.2,USER0031,MERCHANT0180,73.11,Healthcare,P2P,Hyderanbad,ios,BHIM,5,Sunday,0,73.11,0
TXN000020,09:43.8,USER0096,MERCHANT0115,44.15,Food,P2P,Hyderanbad,ios,BHIM,10,Sunday,0,175.79,-131.64
TXN000021,29:11.4,USER0224,MERCHANT0333,784.97,Utilities,P2P,Chennai,ios,Google Pay,14,Sunday,0,784.97,0
TXN000022,48:38.9,USER0239,MERCHANT0036,144.64,Shopping,P2P,Hyderanbad,Web,Google Pay,18,Sunday,0,223.75,-79.11
TXN000023,08:06.5,USER0518,MERCHANT0400,193.94,Grocery,Bill Payment,Delhi,ios,BHIM,23,Sunday,0,174.54,19.4
TXN000024,27:34.1,USER0617,MERCHANT0491,43.61,Food,P2M,Chennai,ios,PhonePe,3,Monday,1,43.61,0
TXN000025,47:01.6,USER0028,MERCHANT0334,105.17,Shopping,Recharge,Mumbai,Android,Google Pay,7,Monday,0,183.29,-78.12
TXN000026,06:29.2,USER0575,MERCHANT0021,202.54,Grocery,P2P,Chennai,ios,PhonePe,12,Monday,0,162.35,40.19
TXN000027,25:56.8,USER0204,MERCHANT0387,57.34,Food,Recharge,Delhi,Android,Google Pay,16,Monday,0,294.47,-237.13
TXN000028,45:24.3,USER0734,MERCHANT0016,263.93,Entertainment,Bill Payment,Pune,Web,Google Pay,20,Monday,0,2101.86,-1837.93
TXN000029,04:51.9,USER0666,MERCHANT0487,99.42,Travel,Bill Payment,Hyderanbad,Web,Google Pay,1,Tuesday,1,179.24,-79.82
TXN000030,24:19.5,USER0719,MERCHANT0127,135.41,Utilities,Recharge,Hyderanbad,Web,PhonePe,5,Tuesday,0,144.52,-9.11
TXN000031,43:47.0,USER0559,MERCHANT0103,99.31,Grocery,P2M,Hyderanbad,Web,Google Pay,9,Tuesday,0,119.47,-20.16
TXN000032,03:14.6,USER0430,MERCHANT0430,1155.49,Entertainment,Recharge,Pune,Android,PhonePe,14,Tuesday,0,468.18,687.31
TXN000033,22:42.2,USER0226,MERCHANT0011,178.84,Grocery,Bill Payment,Chennai,ios,Google Pay,18,Tuesday,0,215.04,-36.2
TXN000034,42:09.7,USER0460,MERCHANT0319,62.95,Travel,Recharge,Bangalore,Android,Paytm,22,Tuesday,0,73.32,-10.37
TXN000035,01:37.3,USER0604,MERCHANT0079,412.63,Travel,P2P,Delhi,Web,Google Pay,3,Wednesday,1,412.63,0
TXN000036,21:04.9,USER0285,MERCHANT0123,53.47,Healthcare,P2P,Chennai,Android,BHIM,7,Wednesday,0,90.78,-37.31
TXN000037,40:32.4,USER0829,MERCHANT0065,223.38,Shopping,P2M,Mumbai,Web,PhonePe,11,Wednesday,0,223.38,0
TXN000038,00:00.0,USER0891,MERCHANT0243,25.54,Utilities,Recharge,Pune,ios,Paytm,16,Wednesday,0,25.54,0
TXN000039,19:27.6,USER0007,MERCHANT0343,48.03,Utilities,Recharge,Bangalore,Web,PhonePe,20,Wednesday,0,49.21,-1.18
TXN000040,38:55.1,USER0778,MERCHANT0059,220.71,Grocery,Recharge,Bangalore,ios,Google Pay,0,Thursday,1,220.71,0
TXN000041,58:22.7,USER0826,MERCHANT0289,379.35,Travel,Recharge,Mumbai,ios,BHIM,4,Thursday,1,220.97,158.38
TXN000042,17:50.3,USER0164,MERCHANT0486,215.16,Utilities,P2M,Pune,Android,BHIM,9,Thursday,0,993.21,-778.05
TXN000043,37:17.8,USER0715,MERCHANT0112,161.48,Food,Bill Payment,Bangalore,Android,BHIM,13,Thursday,0,161.48,0
TXN000044,56:45.4,USER0433,MERCHANT0239,134.14,Utilities,P2M,Chennai,Android,Google Pay,17,Thursday,0,140.09,-5.95
TXN000045,16:13.0,USER0349,MERCHANT0359,41.33,Grocery,Bill Payment,Hyderanbad,Android,Google Pay,22,Thursday,0,172.36,-131.03
TXN000046,35:40.5,USER0285,MERCHANT0132,88.25,Entertainment,Bill Payment,Mumbai,ios,BHIM,2,Friday,1,90.78,-2.53
TXN000047,55:08.1,USER0160,MERCHANT0393,114.36,Healthcare,Bill Payment,Hyderanbad,ios,Google Pay,6,Friday,0,108.08,6.28
TXN000048,14:35.7,USER0221,MERCHANT0189,521.72,Healthcare,Recharge,Mumbai,Web,Google Pay,11,Friday,0,521.72,0
TXN000049,34:03.2,USER0981,MERCHANT0086,255.6,Entertainment,P2M,Delhi,ios,Paytm,15,Friday,0,251.91,3.69
TXN000050,53:30.8,USER0782,MERCHANT0311,31.09,Utilities,Bill Payment,Delhi,Android,Google Pay,19,Friday,0,31.09,0
TXN000051,12:58.4,USER0345,MERCHANT0311,250.66,Shopping,P2P,Pune,ios,Paytm,0,Saturday,1,171.42,79.24
TXN000052,32:25.9,USER0105,MERCHANT0494,123.34,Travel,Bill Payment,Bangalore,Web,BHIM,4,Saturday,1,217.6,-94.26
TXN000053,51:53.5,USER0095,MERCHANT0383,92.12,Entertainment,P2M,Hyderanbad,Android,PhonePe,8,Saturday,0,180.52,-88.4
TXN000054,11:21.1,USER0390,MERCHANT0368,334.18,Grocery,Recharge,Bangalore,Android,Google Pay,13,Saturday,0,218.44,115.74
TXN000055,30:48.6,USER0100,MERCHANT0059,508.26,Grocery,P2P,Delhi,ios,BHIM,17,Saturday,0,310.72,197.54
TXN000056,50:16.2,USER0368,MERCHANT0399,460.02,Travel,Bill Payment,Hyderanbad,ios,BHIM,21,Saturday,0,460.02,0
TXN000057,09:43.8,USER0868,MERCHANT0420,78.32,Healthcare,Recharge,Chennai,Web,Google Pay,2,Sunday,1,78.32,0
TXN000058,29:11.4,USER0353,MERCHANT0084,133.06,Travel,P2M,Pune,Android,PhonePe,6,Sunday,0,133.06,0
TXN000059,48:38.9,USER0619,MERCHANT0494,252.46,Travel,P2M,Bangalore,ios,PhonePe,10,Sunday,0,252.46,0
TXN000060,08:06.5,USER0271,MERCHANT0160,480.85,Entertainment,P2P,Mumbai,Web,Google Pay,15,Sunday,0,244.17,236.68
TXN000061,27:34.1,USER0827,MERCHANT0056,112.26,Grocery,P2P,Mumbai,Android,BHIM,19,Sunday,0,271.3,-159.04
TXN000062,47:01.6,USER0045,MERCHANT0297,150.56,Travel,Bill Payment,Hyderanbad,Android,Google Pay,23,Sunday,0,150.56,0
TXN000063,06:29.2,USER0748,MERCHANT0014,59.96,Entertainment,Recharge,Mumbai,ios,PhonePe,4,Monday,1,193.21,-133.25
TXN000064,25:56.8,USER0471,MERCHANT0476,54.81,Travel,Recharge,Mumbai,ios,Google Pay,8,Monday,0,54.81,0
TXN000065,45:24.3,USER0550,MERCHANT0160,408.51,Grocery,P2M,Delhi,Android,BHIM,12,Monday,0,244.84,163.67
TXN000066,04:51.9,USER0128,MERCHANT0295,703.62,Grocery,P2M,Pune,Android,PhonePe,17,Monday,0,601.75,101.87
TXN000067,24:19.5,USER0997,MERCHANT0347,168.68,Shopping,Bill Payment,Mumbai,Web,PhonePe,21,Monday,0,168.68,0
TXN000068,43:47.0,USER0945,MERCHANT0465,494.49,Utilities,Bill Payment,Mumbai,Android,PhonePe,1,Tuesday,1,288.27,206.22
TXN000069,03:14.6,USER0388,MERCHANT0491,260.25,Food,P2M,Bangalore,ios,BHIM,6,Tuesday,0,260.25,0
TXN000070,22:42.2,USER0081,MERCHANT0193,95.1,Grocery,P2M,Hyderanbad,Android,Google Pay,10,Tuesday,0,132.95,-37.85
TXN000071,42:09.7,USER0566,MERCHANT0204,260.19,Food,Recharge,Delhi,Android,PhonePe,14,Tuesday,0,227.46,32.73
TXN000072,01:37.3,USER0301,MERCHANT0483,843.9,Shopping,Recharge,Chennai,Web,BHIM,19,Tuesday,0,573.65,270.25
TXN000073,21:04.9,USER0850,MERCHANT0367,174.89,Utilities,Recharge,Chennai,ios,BHIM,23,Tuesday,0,809.61,-634.72
TXN000074,40:32.4,USER0644,MERCHANT0102,866.66,Entertainment,Bill Payment,Hyderanbad,Web,Paytm,3,Wednesday,1,866.66,0
TXN000075,00:00.0,USER0634,MERCHANT0039,13.2,Utilities,Recharge,Bangalore,ios,PhonePe,8,Wednesday,0,13.2,0
TXN000076,19:27.6,USER0907,MERCHANT0304,412.36,Utilities,P2P,Bangalore,ios,BHIM,12,Wednesday,0,385.56,26.8
TXN000077,38:55.1,USER0883,MERCHANT0354,197.76,Entertainment,P2P,Chennai,ios,Google Pay,16,Wednesday,0,151.37,46.39
TXN000078,58:22.7,USER0371,MERCHANT0426,134.42,Shopping,Recharge,Bangalore,ios,BHIM,20,Wednesday,0,671.26,-536.84
TXN000079,17:50.3,USER0592,MERCHANT0322,198.69,Travel,Recharge,Mumbai,ios,BHIM,1,Thursday,1,198.69,0
TXN000080,37:17.8,USER0197,MERCHANT0125,24.84,Utilities,P2M,Chennai,Android,Paytm,5,Thursday,0,257.18,-232.34
TXN000081,56:45.4,USER0722,MERCHANT0053,145.52,Utilities,P2M,Hyderanbad,Android,PhonePe,9,Thursday,0,145.52,0
TXN000082,16:13.0,USER0072,MERCHANT0357,259.07,Shopping,Bill Payment,Hyderanbad,Web,BHIM,14,Thursday,0,174.64,84.43
TXN000083,35:40.5,USER0047,MERCHANT0396,794.64,Travel,P2P,Hyderanbad,Android,Google Pay,18,Thursday,0,794.64,0
TXN000084,55:08.1,USER0678,MERCHANT0155,107.96,Utilities,P2P,Pune,Web,Paytm,22,Thursday,0,578.35,-470.39
TXN000085,14:35.7,USER0234,MERCHANT0436,80.76,Utilities,Bill Payment,Delhi,ios,BHIM,3,Friday,1,141.2,-60.44
TXN000086,34:03.2,USER0792,MERCHANT0351,109.75,Travel,Recharge,Mumbai,Android,Google Pay,7,Friday,0,84.73,25.02
TXN000087,53:30.8,USER0297,MERCHANT0308,452.78,Grocery,Recharge,Delhi,ios,PhonePe,11,Friday,0,452.78,0
TXN000088,12:58.4,USER0082,MERCHANT0413,251.83,Healthcare,Bill Payment,Mumbai,Web,Paytm,16,Friday,0,251.83,0
TXN000089,32:25.9,USER0876,MERCHANT0062,106.72,Entertainment,P2P,Hyderanbad,Android,BHIM,20,Friday,0,106.72,0
TXN000090,51:53.5,USER0239,MERCHANT0408,302.86,Grocery,P2P,Pune,Android,Paytm,0,Saturday,1,223.75,79.11
TXN000091,11:21.1,USER0888,MERCHANT0290,199.75,Healthcare,Recharge,Pune,Web,Google Pay,5,Saturday,0,211.51,-11.76
TXN000092,30:48.6,USER0104,MERCHANT0401,477.54,Entertainment,P2M,Hyderanbad,Android,PhonePe,9,Saturday,0,477.54,0
TXN000093,50:16.2,USER0390,MERCHANT0022,89.83,Entertainment,Bill Payment,Delhi,Web,PhonePe,13,Saturday,0,218.44,-128.61
TXN000094,09:43.8,USER0285,MERCHANT0178,130.63,Healthcare,Bill Payment,Bangalore,Web,PhonePe,18,Saturday,0,90.78,39.85
TXN000095,29:11.4,USER0465,MERCHANT0273,122.47,Utilities,Recharge,Hyderanbad,Android,PhonePe,22,Saturday,0,343.38,-220.91
TXN000096,48:38.9,USER0651,MERCHANT0220,41.95,Entertainment,Bill Payment,Chennai,Android,BHIM,2,Sunday,1,34.28,7.67
TXN000097,08:06.5,USER0855,MERCHANT0339,243.74,Healthcare,P2P,Chennai,Web,Google Pay,7,Sunday,0,160.62,83.12
TXN000098,27:34.1,USER0374,MERCHANT0190,235.35,Food,Recharge,Chennai,ios,Paytm,11,Sunday,0,186.88,48.47
TXN000099,47:01.6,USER0167,MERCHANT0036,182.2,Travel,P2P,Chennai,ios,BHIM,15,Sunday,0,536.98,-354.78
TXN000100,06:29.2,USER0380,MERCHANT0260,143.37,Travel,P2M,Mumbai,Android,Paytm,20,Sunday,0,143.37,0
TXN000101,25:56.8,USER0364,MERCHANT0332,44.02,Food,Bill Payment,Delhi,Android,PhonePe,0,Monday,1,44.02,0
TXN000102,45:24.3,USER0215,MERCHANT0175,119.03,Travel,Bill Payment,Chennai,ios,Google Pay,4,Monday,1,119.03,0
TXN000103,04:51.9,USER0687,MERCHANT0007,128.67,Shopping,P2P,Bangalore,Web,BHIM,9,Monday,0,156.65,-27.98
TXN000104,24:19.5,USER0274,MERCHANT0435,81.27,Healthcare,Recharge,Chennai,Web,Paytm,13,Monday,0,246.42,-165.15
TXN000105,43:47.0,USER0719,MERCHANT0216,154.27,Travel,Recharge,Pune,ios,Paytm,17,Monday,0,144.52,9.75
TXN000106,03:14.6,USER0960,MERCHANT0422,271.52,Travel,Bill Payment,Mumbai,Android,BHIM,22,Monday,0,271.52,0
TXN000107,22:42.2,USER0700,MERCHANT0251,1195.34,Travel,P2P,Pune,Android,Paytm,2,Tuesday,1,1195.34,0
TXN000108,42:09.7,USER0664,MERCHANT0055,215.85,Entertainment,P2M,Mumbai,Android,Paytm,6,Tuesday,0,215.85,0
TXN000109,01:37.3,USER0074,MERCHANT0222,234.52,Grocery,P2P,Bangalore,ios,BHIM,11,Tuesday,0,234.52,0
TXN000110,21:04.9,USER0624,MERCHANT0492,168.27,Shopping,Recharge,Mumbai,ios,Google Pay,15,Tuesday,0,196.68,-28.41
TXN000111,40:32.4,USER0651,MERCHANT0186,26.61,Travel,Bill Payment,Bangalore,ios,BHIM,19,Tuesday,0,34.28,-7.67
TXN000112,00:00.0,USER0176,MERCHANT0326,176.53,Shopping,Bill Payment,Hyderanbad,Web,BHIM,0,Wednesday,1,176.53,0
TXN000113,19:27.6,USER0547,MERCHANT0457,192.53,Entertainment,Bill Payment,Hyderanbad,Web,Google Pay,4,Wednesday,1,114.86,77.67
TXN000114,38:55.1,USER0747,MERCHANT0425,2128.65,Shopping,P2M,Mumbai,Web,Paytm,8,Wednesday,0,1024.51,1104.14
TXN000115,58:22.7,USER0251,MERCHANT0236,149.55,Shopping,P2M,Delhi,Web,BHIM,12,Wednesday,0,285.6,-136.05
TXN000116,17:50.3,USER0168,MERCHANT0363,245.07,Food,Recharge,Chennai,ios,Paytm,17,Wednesday,0,245.07,0
TXN000117,37:17.8,USER0474,MERCHANT0079,175.09,Entertainment,P2P,Chennai,ios,Paytm,21,Wednesday,0,868.12,-693.03
TXN000118,56:45.4,USER0389,MERCHANT0223,56.34,Travel,P2P,Chennai,Web,Paytm,1,Thursday,1,118.4,-62.06
TXN000119,16:13.0,USER0277,MERCHANT0091,568.4,Grocery,P2P,Chennai,Android,BHIM,6,Thursday,0,568.4,0
TXN000120,35:40.5,USER0948,MERCHANT0376,384.5,Grocery,P2M,Pune,ios,Google Pay,10,Thursday,0,197.58,186.92
TXN000121,55:08.1,USER0656,MERCHANT0268,399.83,Healthcare,Bill Payment,Mumbai,ios,PhonePe,14,Thursday,0,399.83,0
TXN000122,14:35.7,USER0705,MERCHANT0495,73.01,Grocery,Recharge,Mumbai,ios,Google Pay,19,Thursday,0,69.71,3.3
TXN000123,34:03.2,USER0571,MERCHANT0334,737.15,Grocery,Recharge,Chennai,Android,BHIM,23,Thursday,0,417.18,319.97
TXN000124,53:30.8,USER0225,MERCHANT0139,44.62,Travel,P2M,Pune,Android,Google Pay,3,Friday,1,147.54,-102.92
TXN000125,12:58.4,USER0702,MERCHANT0316,325.99,Grocery,P2M,Chennai,ios,PhonePe,8,Friday,0,325.99,0
TXN000126,32:25.9,USER0333,MERCHANT0414,1620.44,Entertainment,Bill Payment,Mumbai,Android,Google Pay,12,Friday,0,1620.44,0
TXN000127,51:53.5,USER0864,MERCHANT0471,67.32,Entertainment,Bill Payment,Pune,Android,BHIM,16,Friday,0,181.52,-114.2
TXN000128,11:21.1,USER0787,MERCHANT0276,102.89,Shopping,P2M,Bangalore,Android,Paytm,21,Friday,0,169.82,-66.93
TXN000129,30:48.6,USER0795,MERCHANT0397,200.27,Healthcare,Recharge,Delhi,Web,PhonePe,1,Saturday,1,200.27,0
TXN000130,50:16.2,USER0058,MERCHANT0248,109.57,Food,Bill Payment,Hyderanbad,Android,Google Pay,5,Saturday,0,109.57,0
TXN000131,09:43.8,USER0235,MERCHANT0239,38.45,Utilities,Bill Payment,Hyderanbad,Android,BHIM,10,Saturday,1,198.48,-160.03
TXN000132,29:11.4,USER0842,MERCHANT0224,194.14,Grocery,Recharge,Chennai,Web,PhonePe,14,Saturday,0,194.14,0
TXN000133,48:38.9,USER0033,MERCHANT0423,62.66,Utilities,Bill Payment,Delhi,Android,PhonePe,18,Saturday,0,156.67,-94.01
TXN000134,08:06.5,USER0825,MERCHANT0375,291.08,Utilities,Recharge,Pune,Web,Google Pay,23,Saturday,0,291.08,0
TXN000135,27:34.1,USER0324,MERCHANT0304,72.28,Utilities,P2P,Delhi,Web,BHIM,3,Sunday,1,587.67,-515.39
TXN000136,47:01.6,USER0411,MERCHANT0138,854,Shopping,Bill Payment,Pune,Android,BHIM,7,Sunday,0,518.12,335.88
TXN000137,06:29.2,USER0275,MERCHANT0166,82.83,Entertainment,Bill Payment,Chennai,Android,PhonePe,12,Sunday,0,82.83,0
TXN000138,25:56.8,USER0068,MERCHANT0437,131.36,Grocery,P2P,Delhi,ios,PhonePe,16,Sunday,0,131.36,0
TXN000139,45:24.3,USER0217,MERCHANT0126,408.92,Travel,Recharge,Chennai,Web,Paytm,20,Sunday,0,268.52,140.4
TXN000140,04:51.9,USER0936,MERCHANT0426,52.94,Shopping,Bill Payment,Mumbai,Web,Google Pay,1,Monday,1,52.94,0
TXN000141,24:19.5,USER0966,MERCHANT0479,227.57,Healthcare,P2P,Mumbai,Android,Paytm,5,Monday,0,292.29,-64.72
TXN000142,43:47.0,USER0581,MERCHANT0045,669.91,Entertainment,Recharge,Delhi,ios,PhonePe,9,Monday,0,531.62,138.29
TXN000143,03:14.6,USER0898,MERCHANT0143,36.33,Healthcare,Bill Payment,Bangalore,Web,PhonePe,14,Monday,0,36.33,0
TXN000144,22:42.2,USER0736,MERCHANT0452,218.03,Travel,P2M,Delhi,ios,BHIM,18,Monday,0,158.49,59.54
TXN000145,42:09.7,USER0323,MERCHANT0231,235.07,Healthcare,P2P,Hyderanbad,Web,BHIM,22,Monday,0,235.07,0
TXN000146,01:37.3,USER0218,MERCHANT0125,396.16,Entertainment,Recharge,Mumbai,Web,Paytm,3,Tuesday,1,396.16,0
TXN000147,21:04.9,USER0672,MERCHANT0385,52.62,Grocery,P2M,Delhi,Android,PhonePe,7,Tuesday,0,62.48,-9.86
TXN000148,40:32.4,USER0512,MERCHANT0238,48.4,Shopping,Recharge,Chennai,Web,Google Pay,11,Tuesday,0,48.4,0
TXN000149,00:00.0,USER0406,MERCHANT0292,305.5,Utilities,P2M,Hyderanbad,Android,BHIM,16,Tuesday,0,170.93,134.57
TXN000150,19:27.6,USER0906,MERCHANT0313,243.96,Shopping,P2M,Chennai,Web,BHIM,20,Tuesday,0,151.39,92.57
TXN000151,38:55.1,USER0937,MERCHANT0343,232.87,Shopping,P2P,Mumbai,Android,PhonePe,0,Wednesday,1,232.87,0
TXN000152,58:22.7,USER0659,MERCHANT0195,256.33,Grocery,P2P,Bangalore,Web,Google Pay,4,Wednesday,1,346.1,-89.77
TXN000153,17:50.3,USER0470,MERCHANT0173,91.83,Utilities,P2M,Bangalore,Android,Paytm,9,Wednesday,0,461.62,-369.79
TXN000154,37:17.8,USER0147,MERCHANT0015,228.66,Utilities,P2P,Hyderanbad,Android,Google Pay,13,Wednesday,0,228.66,0
TXN000155,56:45.4,USER0272,MERCHANT0254,243,Food,Recharge,Delhi,Web,PhonePe,17,Wednesday,0,148.86,94.14
TXN000156,16:13.0,USER0143,MERCHANT0436,88.73,Food,Bill Payment,Mumbai,Android,Google Pay,22,Wednesday,0,239.62,-150.89
TXN000157,35:40.5,USER0253,MERCHANT0167,1171.19,Entertainment,Recharge,Bangalore,ios,Google Pay,2,Thursday,1,630.62,540.57
TXN000158,55:08.1,USER0763,MERCHANT0094,291.15,Travel,P2M,Hyderanbad,ios,PhonePe,6,Thursday,0,291.15,0
TXN000159,14:35.7,USER0575,MERCHANT0250,55.08,Food,Recharge,Pune,ios,Paytm,11,Thursday,0,162.35,-107.27
TXN000160,34:03.2,USER0552,MERCHANT0109,349.52,Healthcare,P2M,Delhi,Android,Google Pay,15,Thursday,0,284.63,64.89
TXN000161,53:30.8,USER0270,MERCHANT0182,68.4,Grocery,Recharge,Pune,Web,PhonePe,19,Thursday,0,105.72,-37.32
TXN000162,12:58.4,USER0765,MERCHANT0409,398.25,Shopping,Recharge,Delhi,ios,Google Pay,0,Friday,1,398.25,0
TXN000163,32:25.9,USER0599,MERCHANT0133,577.43,Healthcare,P2P,Mumbai,ios,PhonePe,4,Friday,1,238.16,339.27
TXN000164,51:53.5,USER0439,MERCHANT0175,79.78,Utilities,P2M,Hyderanbad,Web,Paytm,8,Friday,0,112.56,-32.78
TXN000165,11:21.1,USER0920,MERCHANT0144,475.03,Shopping,P2M,Chennai,Android,BHIM,13,Friday,0,380.62,94.41
TXN000166,30:48.6,USER0598,MERCHANT0451,273.9,Grocery,Bill Payment,Chennai,Android,Paytm,17,Friday,0,205.79,68.11
TXN000167,50:16.2,USER0409,MERCHANT0306,412.43,Healthcare,Recharge,Mumbai,Web,BHIM,21,Friday,0,381.07,31.36
TXN000168,09:43.8,USER0371,MERCHANT0360,1208.09,Shopping,Recharge,Pune,Web,BHIM,2,Saturday,1,671.26,536.83
TXN000169,29:11.4,USER0225,MERCHANT0451,141.83,Utilities,Bill Payment,Chennai,Web,Google Pay,6,Saturday,0,147.54,-5.71
TXN000170,48:38.9,USER0142,MERCHANT0142,85.31,Food,P2M,Hyderanbad,Android,PhonePe,10,Saturday,0,215.49,-130.18
TXN000171,08:06.5,USER0522,MERCHANT0285,74.48,Healthcare,Recharge,Mumbai,ios,PhonePe,15,Saturday,0,223.76,-149.28
TXN000172,27:34.1,USER0506,MERCHANT0006,80.17,Travel,Bill Payment,Mumbai,ios,PhonePe,19,Saturday,0,80.17,0
TXN000173,47:01.6,USER0094,MERCHANT0265,167.82,Healthcare,Bill Payment,Mumbai,Web,Paytm,23,Saturday,0,167.82,0
TXN000174,06:29.2,USER0774,MERCHANT0486,254.97,Utilities,Bill Payment,Pune,Android,Paytm,4,Sunday,1,177.91,77.06
TXN000175,25:56.8,USER0049,MERCHANT0098,239.05,Healthcare,Recharge,Mumbai,Web,Paytm,8,Sunday,0,239.05,0
TXN000176,45:24.3,USER0882,MERCHANT0044,414.55,Healthcare,P2M,Bangalore,Web,Paytm,12,Sunday,0,348.32,66.23
TXN000177,04:51.9,USER0113,MERCHANT0124,183.64,Utilities,P2M,Delhi,ios,Google Pay,17,Sunday,0,183.64,0
TXN000178,24:19.5,USER0157,MERCHANT0369,775.52,Utilities,Bill Payment,Bangalore,Web,Google Pay,21,Sunday,0,582.61,192.91
TXN000179,43:47.0,USER0643,MERCHANT0209,139.12,Entertainment,Bill Payment,Pune,Web,BHIM,1,Monday,1,139.12,0
TXN000180,03:14.6,USER0164,MERCHANT0251,2752.24,Entertainment,P2M,Pune,Web,BHIM,6,Monday,0,993.21,1759.03
TXN000181,22:42.2,USER0812,MERCHANT0285,338.89,Utilities,Bill Payment,Mumbai,Android,PhonePe,10,Monday,0,338.89,0
TXN000182,42:09.7,USER0697,MERCHANT0389,76.93,Grocery,Bill Payment,Hyderanbad,ios,Paytm,14,Monday,0,75.92,1.01
TXN000183,01:37.3,USER0433,MERCHANT0124,62.12,Utilities,P2M,Chennai,Android,Google Pay,19,Monday,0,140.09,-77.97
TXN000184,21:04.9,USER0611,MERCHANT0354,293.67,Entertainment,Recharge,Chennai,Web,BHIM,23,Monday,0,306.3,-12.63
TXN000185,40:32.4,USER0066,MERCHANT0244,144.97,Healthcare,Bill Payment,Chennai,Web,PhonePe,3,Tuesday,1,270.54,-125.57
TXN000186,00:00.0,USER0395,MERCHANT0331,370.18,Entertainment,Recharge,Bangalore,Web,PhonePe,8,Tuesday,0,196.39,173.79
TXN000187,19:27.6,USER0391,MERCHANT0365,290.98,Shopping,Bill Payment,Pune,Android,Paytm,12,Tuesday,0,290.98,0
TXN000188,38:55.1,USER0611,MERCHANT0252,168.54,Grocery,Bill Payment,Delhi,ios,Paytm,16,Tuesday,1,306.3,-137.76
TXN000189,58:22.7,USER0480,MERCHANT0230,77.73,Food,Bill Payment,Pune,Android,PhonePe,20,Tuesday,0,77.73,0
TXN000190,17:50.3,USER0542,MERCHANT0406,39.85,Shopping,P2P,Bangalore,Android,Paytm,1,Wednesday,1,175.98,-136.13
TXN000191,37:17.8,USER0258,MERCHANT0009,115.99,Entertainment,Recharge,Chennai,ios,Paytm,5,Wednesday,0,174.89,-58.9
TXN000192,56:45.4,USER0995,MERCHANT0048,426.84,Healthcare,Recharge,Delhi,Android,BHIM,9,Wednesday,0,426.84,0
TXN000193,16:13.0,USER0567,MERCHANT0151,224.55,Shopping,Bill Payment,Delhi,Web,BHIM,14,Wednesday,0,360.21,-135.66
TXN000194,35:40.5,USER0882,MERCHANT0114,52.16,Shopping,P2M,Mumbai,Android,BHIM,18,Wednesday,0,348.32,-296.16
TXN000195,55:08.1,USER0966,MERCHANT0208,215.55,Shopping,Bill Payment,Hyderanbad,ios,Google Pay,22,Wednesday,0,292.29,-76.74
TXN000196,14:35.7,USER0012,MERCHANT0355,266.48,Grocery,P2P,Delhi,Web,Paytm,3,Thursday,1,266.48,0
TXN000197,34:03.2,USER0697,MERCHANT0125,74.9,Food,Bill Payment,Mumbai,Android,BHIM,7,Thursday,0,75.92,-1.02
TXN000198,53:30.8,USER0739,MERCHANT0157,211.39,Healthcare,P2P,Hyderanbad,ios,BHIM,11,Thursday,0,211.39,0
TXN000199,12:58.4,USER0118,MERCHANT0340,192.14,Food,Bill Payment,Chennai,Web,PhonePe,16,Thursday,0,192.14,0
TXN000200,32:25.9,USER0699,MERCHANT0298,57.8,Utilities,Recharge,Mumbai,ios,BHIM,20,Thursday,0,70.7,-12.9
TXN000201,51:53.5,USER0907,MERCHANT0189,259.25,Entertainment,Bill Payment,Pune,ios,PhonePe,0,Friday,1,385.56,-126.31
TXN000202,11:21.1,USER0550,MERCHANT0243,317.6,Travel,Recharge,Pune,Android,Paytm,5,Friday,0,244.84,72.76
TXN000203,30:48.6,USER0769,MERCHANT0284,535.42,Grocery,P2M,Hyderanbad,Android,PhonePe,9,Friday,0,382.26,153.16
TXN000204,50:16.2,USER0274,MERCHANT0272,519.99,Food,P2M,Mumbai,Web,BHIM,13,Friday,0,246.42,273.57
TXN000205,09:43.8,USER0788,MERCHANT0177,45.71,Entertainment,Bill Payment,Bangalore,ios,Google Pay,18,Friday,0,45.71,0
TXN000206,29:11.4,USER0657,MERCHANT0218,70.96,Entertainment,Bill Payment,Mumbai,Android,Google Pay,22,Friday,0,358.72,-287.76
TXN000207,48:38.9,USER0349,MERCHANT0382,303.39,Grocery,P2M,Bangalore,Web,Paytm,2,Saturday,1,172.36,131.03
TXN000208,08:06.5,USER0115,MERCHANT0282,303.02,Grocery,P2P,Delhi,ios,BHIM,7,Saturday,0,390.4,-87.38
TXN000209,27:34.1,USER0301,MERCHANT0170,303.4,Entertainment,P2M,Delhi,ios,Paytm,11,Saturday,0,573.65,-270.25
TXN000210,47:01.6,USER0446,MERCHANT0181,8541.84,Utilities,P2M,Delhi,Android,PhonePe,15,Saturday,0,8541.84,0
TXN000211,06:29.2,USER0162,MERCHANT0360,320.82,Food,P2P,Mumbai,Android,Paytm,20,Saturday,0,170.91,149.91
TXN000212,25:56.8,USER0465,MERCHANT0233,564.29,Travel,P2M,Hyderanbad,Android,Google Pay,0,Sunday,1,343.38,220.91
TXN000213,45:24.3,USER0004,MERCHANT0139,470.6,Travel,P2M,Bangalore,Web,Paytm,4,Sunday,1,536.59,-65.99
TXN000214,04:51.9,USER0977,MERCHANT0157,347.72,Travel,P2P,Mumbai,Android,PhonePe,9,Sunday,0,204.81,142.91
TXN000215,24:19.5,USER0740,MERCHANT0129,132.25,Shopping,P2P,Delhi,Android,BHIM,13,Sunday,0,132.25,0
TXN000216,43:47.0,USER0897,MERCHANT0119,387.21,Food,Recharge,Pune,Web,Paytm,17,Sunday,0,387.21,0
TXN000217,03:14.6,USER0737,MERCHANT0062,83.69,Shopping,Bill Payment,Delhi,Web,PhonePe,22,Sunday,0,94.21,-10.52
TXN000218,22:42.2,USER0270,MERCHANT0370,143.05,Shopping,Recharge,Hyderanbad,ios,Google Pay,2,Monday,1,105.72,37.33
TXN000219,42:09.7,USER0996,MERCHANT0099,111.57,Entertainment,P2P,Delhi,Android,BHIM,6,Monday,0,249,-137.43
TXN000220,01:37.3,USER0513,MERCHANT0162,196.74,Shopping,P2M,Chennai,Android,Paytm,11,Monday,1,196.74,0
TXN000221,21:04.9,USER0781,MERCHANT0062,1834.74,Healthcare,P2P,Hyderanbad,Web,Paytm,15,Monday,0,1088.22,746.52
TXN000222,40:32.4,USER0183,MERCHANT0381,28.01,Utilities,P2M,Pune,Android,Google Pay,19,Monday,0,44.75,-16.74
TXN000223,00:00.0,USER0520,MERCHANT0275,360.06,Utilities,Recharge,Bangalore,Web,Paytm,0,Tuesday,1,211.15,148.91
TXN000224,19:27.6,USER0935,MERCHANT0487,36.14,Grocery,Recharge,Delhi,Web,Google Pay,4,Tuesday,1,36.14,0
TXN000225,38:55.1,USER0109,MERCHANT0391,113.08,Grocery,Recharge,Hyderanbad,Android,Google Pay,8,Tuesday,0,113.08,0
TXN000226,58:22.7,USER0892,MERCHANT0354,538.59,Food,P2M,Bangalore,ios,BHIM,12,Tuesday,0,538.59,0
TXN000227,17:50.3,USER0641,MERCHANT0095,193.31,Food,Bill Payment,Pune,Web,Google Pay,17,Tuesday,0,193.31,0
TXN000228,37:17.8,USER0306,MERCHANT0099,61.7,Healthcare,Bill Payment,Chennai,Android,Google Pay,21,Tuesday,0,112.93,-51.23
TXN000229,56:45.4,USER0862,MERCHANT0111,88.65,Utilities,Bill Payment,Hyderanbad,ios,Google Pay,1,Wednesday,1,88.65,0
TXN000230,16:13.0,USER0655,MERCHANT0379,357.67,Grocery,P2P,Pune,ios,Paytm,6,Wednesday,0,327.78,29.89
TXN000231,35:40.5,USER0520,MERCHANT0248,87.32,Entertainment,P2P,Pune,ios,Google Pay,10,Wednesday,0,211.15,-123.83
TXN000232,55:08.1,USER0624,MERCHANT0142,225.08,Grocery,P2M,Mumbai,ios,Google Pay,14,Wednesday,0,196.68,28.4
TXN000233,14:35.7,USER0204,MERCHANT0371,189.72,Shopping,P2P,Bangalore,Android,Google Pay,19,Wednesday,0,294.47,-104.75
TXN000234,34:03.2,USER0157,MERCHANT0302,94.48,Travel,P2M,Mumbai,Android,Google Pay,23,Wednesday,0,582.61,-488.13
TXN000235,53:30.8,USER0383,MERCHANT0390,1546.8,Entertainment,Recharge,Pune,Android,Paytm,3,Thursday,1,818.73,728.07
TXN000236,12:58.4,USER0781,MERCHANT0269,341.7,Travel,P2M,Hyderanbad,Android,Google Pay,8,Thursday,0,1088.22,-746.52
TXN000237,32:25.9,USER0166,MERCHANT0306,23.92,Travel,P2P,Delhi,ios,PhonePe,12,Thursday,0,104.28,-80.36
TXN000238,51:53.5,USER0553,MERCHANT0145,218.43,Utilities,Recharge,Chennai,ios,PhonePe,16,Thursday,0,194.66,23.77
TXN000239,11:21.1,USER0977,MERCHANT0052,93.52,Travel,Recharge,Chennai,Web,PhonePe,21,Thursday,0,204.81,-111.29
TXN000240,30:48.6,USER0798,MERCHANT0427,425.15,Travel,P2M,Mumbai,ios,BHIM,1,Friday,1,298.83,126.32
TXN000241,50:16.2,USER0945,MERCHANT0100,82.06,Shopping,Bill Payment,Delhi,ios,PhonePe,5,Friday,0,288.27,-206.21
TXN000242,09:43.8,USER0544,MERCHANT0152,161.62,Food,P2P,Mumbai,Web,PhonePe,10,Friday,0,183.16,-21.54
TXN000243,29:11.4,USER0941,MERCHANT0117,300.36,Healthcare,P2P,Chennai,Android,BHIM,14,Friday,0,260.67,39.69
TXN000244,48:38.9,USER0001,MERCHANT0185,430.85,Utilities,Bill Payment,Bangalore,Android,Paytm,18,Friday,0,263.85,167
TXN000245,08:06.5,USER0614,MERCHANT0092,54.58,Grocery,P2P,Chennai,Android,Paytm,23,Friday,0,54.58,0
TXN000246,27:34.1,USER0332,MERCHANT0155,129.74,Shopping,Bill Payment,Chennai,Android,BHIM,3,Saturday,1,129.74,0
TXN000247,47:01.6,USER0501,MERCHANT0008,112.74,Travel,Bill Payment,Delhi,Android,Paytm,7,Saturday,0,347.75,-235.01
TXN000248,06:29.2,USER0020,MERCHANT0363,94.32,Grocery,Recharge,Mumbai,Web,BHIM,12,Saturday,0,94.32,0
TXN000249,25:56.8,USER0115,MERCHANT0274,1059.4,Shopping,Recharge,Pune,Web,Google Pay,16,Saturday,0,390.4,669
TXN000250,45:24.3,USER0952,MERCHANT0065,271.78,Entertainment,P2M,Hyderanbad,Android,Paytm,20,Saturday,0,746.52,-474.74
TXN000251,04:51.9,USER0372,MERCHANT0141,51.37,Entertainment,Recharge,Pune,ios,BHIM,1,Sunday,1,51.37,0
TXN000252,24:19.5,USER0900,MERCHANT0024,453.89,Utilities,Bill Payment,Bangalore,ios,Google Pay,5,Sunday,0,256.95,196.94
TXN000253,43:47.0,USER0852,MERCHANT0499,1513.46,Travel,P2M,Bangalore,ios,Google Pay,9,Sunday,0,1513.46,0
TXN000254,03:14.6,USER0827,MERCHANT0028,509.01,Utilities,P2P,Mumbai,Web,PhonePe,14,Sunday,0,271.3,237.71
TXN000255,22:42.2,USER0315,MERCHANT0284,39.67,Entertainment,Bill Payment,Pune,ios,BHIM,18,Sunday,0,39.67,0
TXN000256,42:09.7,USER0246,MERCHANT0150,111.69,Shopping,P2M,Chennai,Web,BHIM,22,Sunday,0,111.69,0
TXN000257,01:37.3,USER0060,MERCHANT0358,643.49,Grocery,Recharge,Delhi,Android,PhonePe,3,Monday,1,337.36,306.13
TXN000258,21:04.9,USER0247,MERCHANT0484,89.33,Food,Bill Payment,Mumbai,ios,Paytm,7,Monday,0,89.33,0
TXN000259,40:32.4,USER0900,MERCHANT0065,282.54,Travel,P2M,Mumbai,ios,BHIM,11,Monday,0,256.95,25.59
TXN000260,00:00.0,USER0581,MERCHANT0327,393.32,Utilities,P2P,Pune,Android,Google Pay,16,Monday,0,531.62,-138.3
TXN000261,19:27.6,USER0970,MERCHANT0445,71.74,Grocery,Bill Payment,Hyderanbad,Android,BHIM,20,Monday,0,69.84,1.9
TXN000262,38:55.1,USER0081,MERCHANT0386,170.8,Grocery,Bill Payment,Bangalore,ios,PhonePe,0,Tuesday,1,132.95,37.85
TXN000263,58:22.7,USER0088,MERCHANT0252,7.09,Food,P2M,Chennai,ios,BHIM,4,Tuesday,1,7.09,0
TXN000264,17:50.3,USER0750,MERCHANT0053,65.08,Shopping,P2M,Delhi,ios,Paytm,9,Tuesday,0,65.08,0
TXN000265,37:17.8,USER0498,MERCHANT0447,140.81,Food,Recharge,Bangalore,ios,PhonePe,13,Tuesday,0,267.72,-126.91
TXN000266,56:45.4,USER0836,MERCHANT0007,52.05,Healthcare,Recharge,Chennai,ios,PhonePe,17,Tuesday,0,52.05,0
TXN000267,16:13.0,USER0071,MERCHANT0294,927.42,Food,Bill Payment,Mumbai,Web,Google Pay,22,Tuesday,0,491.65,435.77
TXN000268,35:40.5,USER0779,MERCHANT0146,43.37,Healthcare,P2P,Hyderanbad,ios,BHIM,2,Wednesday,1,43.37,0
TXN000269,55:08.1,USER0546,MERCHANT0241,116.74,Shopping,Recharge,Mumbai,ios,PhonePe,6,Wednesday,0,116.74,0
TXN000270,14:35.7,USER0785,MERCHANT0246,206.59,Shopping,P2P,Hyderanbad,Web,Paytm,11,Wednesday,0,309.18,-102.59
TXN000271,34:03.2,USER0129,MERCHANT0226,766.07,Shopping,P2M,Pune,Android,Paytm,15,Wednesday,0,766.07,0
TXN000272,53:30.8,USER0132,MERCHANT0175,43.13,Grocery,P2M,Chennai,Android,Paytm,19,Wednesday,0,43.13,0
TXN000273,12:58.4,USER0676,MERCHANT0095,580.08,Grocery,Recharge,Bangalore,Android,Google Pay,0,Thursday,1,296.44,283.64
TXN000274,32:25.9,USER0487,MERCHANT0495,183.14,Travel,Bill Payment,Mumbai,Web,Paytm,4,Thursday,1,171.63,11.51
TXN000275,51:53.5,USER0970,MERCHANT0027,67.93,Entertainment,P2M,Hyderanbad,Web,Google Pay,8,Thursday,0,69.84,-1.91
TXN000276,11:21.1,USER0563,MERCHANT0130,287.75,Travel,P2P,Hyderanbad,Android,Paytm,13,Thursday,0,287.75,0
TXN000277,30:48.6,USER0170,MERCHANT0482,221.2,Food,Bill Payment,Mumbai,Android,BHIM,17,Thursday,0,320.68,-99.48
TXN000278,50:16.2,USER0272,MERCHANT0442,99.46,Food,Recharge,Bangalore,Android,Paytm,21,Thursday,0,148.86,-49.4
TXN000279,09:43.8,USER0541,MERCHANT0245,194.38,Travel,P2M,Chennai,ios,Paytm,2,Friday,1,194.38,0
TXN000280,29:11.4,USER0894,MERCHANT0059,123.31,Utilities,Recharge,Pune,Web,Google Pay,6,Friday,0,341.27,-217.96
TXN000281,48:38.9,USER0622,MERCHANT0421,203.06,Entertainment,Bill Payment,Pune,ios,BHIM,10,Friday,1,120.38,82.68
TXN000282,08:06.5,USER0434,MERCHANT0034,351.47,Food,Bill Payment,Delhi,Web,BHIM,15,Friday,0,191.95,159.52
TXN000283,27:34.1,USER0988,MERCHANT0206,885.38,Utilities,Bill Payment,Delhi,Web,Google Pay,19,Friday,0,885.38,0
TXN000284,47:01.6,USER0217,MERCHANT0252,52.57,Utilities,P2P,Delhi,ios,BHIM,23,Friday,0,268.52,-215.95
TXN000285,06:29.2,USER0952,MERCHANT0038,1530.02,Healthcare,Bill Payment,Bangalore,Android,Paytm,4,Saturday,1,746.52,783.5
TXN000286,25:56.8,USER0553,MERCHANT0296,25.74,Entertainment,Bill Payment,Chennai,Web,Paytm,8,Saturday,0,194.66,-168.92
TXN000287,45:24.3,USER0774,MERCHANT0323,155.74,Healthcare,P2M,Chennai,ios,BHIM,12,Saturday,0,177.91,-22.17
TXN000288,04:51.9,USER0748,MERCHANT0352,326.46,Shopping,P2P,Delhi,ios,Paytm,17,Saturday,0,193.21,133.25
TXN000289,24:19.5,USER0707,MERCHANT0028,240.08,Grocery,P2P,Delhi,Web,BHIM,21,Saturday,0,240.08,0
TXN000290,43:47.0,USER0206,MERCHANT0078,97.25,Travel,Recharge,Bangalore,Android,Google Pay,1,Sunday,1,97.25,0
TXN000291,03:14.6,USER0731,MERCHANT0077,147.21,Healthcare,Bill Payment,Delhi,Web,Google Pay,6,Sunday,0,113.65,33.56
TXN000292,22:42.2,USER0320,MERCHANT0416,110.72,Entertainment,P2M,Pune,Web,Google Pay,10,Sunday,0,110.72,0
TXN000293,42:09.7,USER0409,MERCHANT0289,100.55,Grocery,Recharge,Mumbai,Android,PhonePe,14,Sunday,0,381.07,-280.52
TXN000294,01:37.3,USER0688,MERCHANT0486,423.94,Travel,Bill Payment,Pune,ios,Paytm,19,Sunday,0,254.51,169.43
TXN000295,21:04.9,USER0666,MERCHANT0156,259.05,Grocery,P2P,Pune,ios,Google Pay,23,Sunday,0,179.24,79.81
TXN000296,40:32.4,USER0383,MERCHANT0044,90.66,Travel,Bill Payment,Hyderanbad,Android,BHIM,3,Monday,1,818.73,-728.07
TXN000297,00:00.0,USER0449,MERCHANT0128,445.68,Grocery,Bill Payment,Mumbai,ios,BHIM,8,Monday,0,259.41,186.27
TXN000298,19:27.6,USER0922,MERCHANT0061,246.48,Healthcare,P2M,Pune,ios,Google Pay,12,Monday,0,428.55,-182.07
TXN000299,38:55.1,USER0530,MERCHANT0286,408.65,Shopping,P2M,Mumbai,Android,Google Pay,16,Monday,0,408.65,0
TXN000300,58:22.7,USER0463,MERCHANT0392,340.23,Utilities,P2M,Pune,Android,Google Pay,20,Monday,0,340.23,0
TXN000301,17:50.3,USER0124,MERCHANT0214,79.12,Travel,Recharge,Bangalore,ios,BHIM,1,Tuesday,1,79.12,0
TXN000302,37:17.8,USER0254,MERCHANT0311,103.53,Utilities,P2M,Bangalore,Web,PhonePe,5,Tuesday,0,214.28,-110.75
TXN000303,56:45.4,USER0231,MERCHANT0306,382.72,Travel,Recharge,Delhi,ios,Google Pay,9,Tuesday,0,304.54,78.18
TXN000304,16:13.0,USER0066,MERCHANT0405,333.74,Entertainment,Bill Payment,Bangalore,Android,BHIM,14,Tuesday,0,270.54,63.2
TXN000305,35:40.5,USER0347,MERCHANT0317,177.52,Entertainment,Recharge,Mumbai,Web,BHIM,18,Tuesday,0,177.52,0
TXN000306,55:08.1,USER0022,MERCHANT0116,203.84,Travel,Recharge,Hyderanbad,Web,Google Pay,22,Tuesday,0,203.84,0
TXN000307,14:35.7,USER0603,MERCHANT0398,650.45,Shopping,P2M,Delhi,Web,Paytm,3,Wednesday,1,399.27,251.18
TXN000308,34:03.2,USER0568,MERCHANT0268,100.33,Grocery,P2M,Pune,Web,BHIM,7,Wednesday,0,59.02,41.31
TXN000309,53:30.8,USER0236,MERCHANT0195,313.28,Travel,P2P,Bangalore,Web,Paytm,11,Wednesday,0,313.28,0
TXN000310,12:58.4,USER0603,MERCHANT0231,148.09,Grocery,Recharge,Delhi,Web,Paytm,16,Wednesday,0,399.27,-251.18
TXN000311,32:25.9,USER0226,MERCHANT0466,145.81,Shopping,Bill Payment,Bangalore,Web,PhonePe,20,Wednesday,0,215.04,-69.23
TXN000312,51:53.5,USER0008,MERCHANT0227,543.91,Food,P2P,Delhi,Android,BHIM,0,Thursday,1,543.91,0
TXN000313,11:21.1,USER0073,MERCHANT0153,413.81,Healthcare,P2P,Mumbai,Web,PhonePe,5,Thursday,0,246.9,166.91
TXN000314,30:48.6,USER0725,MERCHANT0441,408.92,Utilities,P2P,Mumbai,ios,Google Pay,9,Thursday,0,408.92,0
TXN000315,50:16.2,USER0647,MERCHANT0302,668.8,Travel,P2M,Pune,Web,PhonePe,13,Thursday,0,668.8,0
TXN000316,09:43.8,USER0061,MERCHANT0220,185.12,Healthcare,P2M,Chennai,Web,Google Pay,18,Thursday,0,150.35,34.77
TXN000317,29:11.4,USER0235,MERCHANT0157,358.51,Entertainment,P2M,Delhi,Web,Paytm,22,Thursday,0,198.48,160.03
TXN000318,48:38.9,USER0070,MERCHANT0292,132.92,Shopping,Bill Payment,Chennai,Web,BHIM,2,Friday,1,216.5,-83.58
TXN000319,08:06.5,USER0928,MERCHANT0318,250.68,Grocery,Recharge,Chennai,Web,PhonePe,7,Friday,0,252.38,-1.7
TXN000320,27:34.1,USER0033,MERCHANT0031,159.15,Travel,P2P,Hyderanbad,Android,BHIM,11,Friday,0,156.67,2.48
TXN000321,47:01.6,USER0881,MERCHANT0313,199.74,Healthcare,P2M,Mumbai,ios,Paytm,15,Friday,0,199.74,0
TXN000322,06:29.2,USER0339,MERCHANT0492,328.7,Grocery,Recharge,Pune,Web,Paytm,20,Friday,0,352.04,-23.34
TXN000323,25:56.8,USER0073,MERCHANT0379,79.98,Food,P2P,Delhi,Web,Paytm,0,Saturday,1,246.9,-166.92
TXN000324,45:24.3,USER0527,MERCHANT0051,1469.07,Travel,Recharge,Pune,Android,Paytm,4,Saturday,1,1469.07,0
TXN000325,04:51.9,USER0244,MERCHANT0486,66.29,Utilities,P2P,Mumbai,ios,Paytm,9,Saturday,0,66.29,0
TXN000326,24:19.5,USER0286,MERCHANT0391,53.83,Travel,Recharge,Chennai,ios,Paytm,13,Saturday,0,425.28,-371.45
TXN000327,43:47.0,USER0686,MERCHANT0107,577.16,Utilities,P2M,Pune,Web,PhonePe,17,Saturday,0,318.06,259.1
TXN000328,03:14.6,USER0498,MERCHANT0321,400.08,Grocery,Recharge,Delhi,Web,BHIM,22,Saturday,0,267.72,132.36
TXN000329,22:42.2,USER0220,MERCHANT0109,338.36,Travel,Recharge,Bangalore,Web,PhonePe,2,Sunday,1,288.98,49.38
TXN000330,42:09.7,USER0553,MERCHANT0136,339.8,Healthcare,P2P,Hyderanbad,ios,Paytm,6,Sunday,0,194.66,145.14
TXN000331,01:37.3,USER0136,MERCHANT0339,179.07,Shopping,Recharge,Mumbai,Android,Google Pay,11,Sunday,0,248.68,-69.61
TXN000332,21:04.9,USER0741,MERCHANT0042,73.9,Entertainment,Bill Payment,Chennai,Web,Google Pay,15,Sunday,0,73.9,0
TXN000333,40:32.4,USER0958,MERCHANT0081,195.55,Shopping,P2P,Delhi,Web,Paytm,19,Sunday,0,567.34,-371.79
TXN000334,00:00.0,USER0904,MERCHANT0123,92.1,Food,Recharge,Delhi,Android,Paytm,0,Monday,1,92.1,0
TXN000335,19:27.6,USER0585,MERCHANT0089,480.64,Shopping,Bill Payment,Pune,Android,Paytm,4,Monday,1,480.64,0
TXN000336,38:55.1,USER0591,MERCHANT0283,156.48,Healthcare,P2P,Mumbai,Web,BHIM,8,Monday,0,190.17,-33.69
TXN000337,58:22.7,USER0485,MERCHANT0039,79.4,Food,P2M,Bangalore,Android,BHIM,12,Monday,0,166.61,-87.21
TXN000338,17:50.3,USER0249,MERCHANT0081,131.45,Grocery,P2P,Bangalore,Web,PhonePe,17,Monday,0,131.45,0
TXN000339,37:17.8,USER0804,MERCHANT0002,273.95,Utilities,P2P,Hyderanbad,ios,BHIM,21,Monday,0,156.52,117.43
TXN000340,56:45.4,USER0485,MERCHANT0210,103.16,Entertainment,Recharge,Chennai,ios,Paytm,1,Tuesday,1,166.61,-63.45
TXN000341,16:13.0,USER0827,MERCHANT0231,79.66,Grocery,Bill Payment,Hyderanbad,Android,BHIM,6,Tuesday,0,271.3,-191.64
TXN000342,35:40.5,USER0417,MERCHANT0353,231.29,Utilities,P2P,Pune,Android,Google Pay,10,Tuesday,0,379.84,-148.55
TXN000343,55:08.1,USER0195,MERCHANT0305,231.59,Utilities,P2P,Mumbai,ios,Google Pay,14,Tuesday,0,323.03,-91.44
TXN000344,14:35.7,USER0097,MERCHANT0241,109.19,Food,P2P,Bangalore,ios,Paytm,19,Tuesday,0,109.19,0
TXN000345,34:03.2,USER0100,MERCHANT0150,113.18,Healthcare,Recharge,Mumbai,Android,BHIM,23,Tuesday,0,310.72,-197.54
TXN000346,53:30.8,USER0675,MERCHANT0017,228.62,Shopping,P2P,Pune,ios,BHIM,3,Wednesday,1,225.87,2.75
TXN000347,12:58.4,USER0442,MERCHANT0119,42.6,Shopping,Bill Payment,Mumbai,ios,PhonePe,8,Wednesday,0,62.92,-20.32
TXN000348,32:25.9,USER0363,MERCHANT0148,44.37,Entertainment,Recharge,Mumbai,Android,PhonePe,12,Wednesday,0,196.56,-152.19
TXN000349,51:53.5,USER0434,MERCHANT0362,88.37,Healthcare,P2M,Mumbai,Web,Google Pay,16,Wednesday,0,191.95,-103.58
TXN000350,11:21.1,USER0421,MERCHANT0145,146.43,Entertainment,P2M,Pune,Android,Paytm,21,Wednesday,0,146.43,0
TXN000351,30:48.6,USER0479,MERCHANT0360,247.38,Healthcare,Recharge,Pune,Web,Google Pay,1,Thursday,1,181.7,65.68
TXN000352,50:16.2,USER0885,MERCHANT0441,792.63,Food,Bill Payment,Pune,Web,Paytm,5,Thursday,0,877.32,-84.69
TXN000353,09:43.8,USER0747,MERCHANT0233,427.37,Food,Recharge,Bangalore,ios,Paytm,10,Thursday,0,1024.51,-597.14
TXN000354,29:11.4,USER0056,MERCHANT0037,154.48,Grocery,Recharge,Delhi,ios,Paytm,14,Thursday,0,154.48,0
TXN000355,48:38.9,USER0690,MERCHANT0352,177.86,Food,Recharge,Chennai,Android,Paytm,18,Thursday,0,177.86,0
TXN000356,08:06.5,USER0670,MERCHANT0120,66.52,Shopping,Recharge,Chennai,Android,BHIM,23,Thursday,0,50.33,16.19
TXN000357,27:34.1,USER0662,MERCHANT0474,177.95,Food,P2P,Chennai,ios,Paytm,3,Friday,1,177.95,0
TXN000358,47:01.6,USER0101,MERCHANT0136,135.82,Food,P2M,Mumbai,ios,BHIM,7,Friday,0,110.34,25.48
TXN000359,06:29.2,USER0063,MERCHANT0404,250.31,Utilities,Bill Payment,Hyderanbad,Web,Paytm,12,Friday,0,310.9,-60.59
TXN000360,25:56.8,USER0413,MERCHANT0406,79.26,Food,P2P,Hyderanbad,ios,BHIM,16,Friday,0,88.8,-9.54
TXN000361,45:24.3,USER0746,MERCHANT0321,304.71,Healthcare,P2M,Delhi,Android,BHIM,20,Friday,0,304.71,0
TXN000362,04:51.9,USER0348,MERCHANT0302,839.44,Healthcare,Recharge,Mumbai,ios,Google Pay,1,Saturday,1,839.44,0
TXN000363,24:19.5,USER0820,MERCHANT0339,162.59,Entertainment,P2M,Mumbai,ios,Google Pay,5,Saturday,0,261.35,-98.76
TXN000364,43:47.0,USER0883,MERCHANT0412,270.89,Grocery,P2M,Mumbai,ios,PhonePe,9,Saturday,0,151.37,119.52
TXN000365,03:14.6,USER0112,MERCHANT0479,361.46,Food,P2P,Pune,Android,Google Pay,14,Saturday,0,206.67,154.79
TXN000366,22:42.2,USER0255,MERCHANT0102,121.36,Healthcare,P2P,Chennai,ios,Google Pay,18,Saturday,0,131.57,-10.21
TXN000367,42:09.7,USER0197,MERCHANT0218,226.81,Entertainment,Bill Payment,Bangalore,Web,Paytm,22,Saturday,0,257.18,-30.37
TXN000368,01:37.3,USER0195,MERCHANT0059,183.57,Travel,Recharge,Pune,Web,PhonePe,3,Sunday,1,323.03,-139.46
TXN000369,21:04.9,USER0550,MERCHANT0279,199.87,Travel,Recharge,Mumbai,Android,Google Pay,7,Sunday,0,244.84,-44.97
TXN000370,40:32.4,USER0460,MERCHANT0116,83.68,Healthcare,Recharge,Delhi,Android,Google Pay,11,Sunday,0,73.32,10.36
TXN000371,00:00.0,USER0144,MERCHANT0332,185.77,Utilities,P2M,Mumbai,ios,BHIM,16,Sunday,0,185.77,0
TXN000372,19:27.6,USER0433,MERCHANT0077,298.27,Healthcare,P2M,Mumbai,ios,PhonePe,20,Sunday,0,140.09,158.18
TXN000373,38:55.1,USER0188,MERCHANT0466,773.67,Utilities,Recharge,Bangalore,Android,PhonePe,0,Monday,1,773.67,0
TXN000374,58:22.7,USER0286,MERCHANT0137,473.08,Travel,Bill Payment,Mumbai,Web,PhonePe,4,Monday,1,425.28,47.8
TXN000375,17:50.3,USER0474,MERCHANT0424,1561.16,Entertainment,P2M,Pune,Web,BHIM,9,Monday,0,868.12,693.04
TXN000376,37:17.8,USER0256,MERCHANT0073,84.15,Utilities,Bill Payment,Hyderanbad,Android,PhonePe,13,Monday,0,80.12,4.03
TXN000377,56:45.4,USER0896,MERCHANT0037,433.69,Entertainment,P2M,Bangalore,Android,PhonePe,17,Monday,0,1262.71,-829.02
TXN000378,16:13.0,USER0946,MERCHANT0031,217.75,Entertainment,P2P,Chennai,Web,BHIM,22,Monday,0,217.75,0
TXN000379,35:40.5,USER0078,MERCHANT0085,1619.39,Utilities,P2P,Bangalore,Web,PhonePe,2,Tuesday,1,1094.16,525.23
TXN000380,55:08.1,USER0454,MERCHANT0406,80.78,Shopping,Recharge,Bangalore,Web,PhonePe,6,Tuesday,0,167.02,-86.24
TXN000381,14:35.7,USER0828,MERCHANT0158,78.28,Healthcare,P2P,Mumbai,ios,Paytm,11,Tuesday,0,78.28,0
TXN000382,34:03.2,USER0883,MERCHANT0305,99.54,Entertainment,P2M,Bangalore,Web,Google Pay,15,Tuesday,0,151.37,-51.83
TXN000383,53:30.8,USER0877,MERCHANT0384,21.67,Shopping,P2M,Chennai,Web,PhonePe,19,Tuesday,0,21.67,0
TXN000384,12:58.4,USER0564,MERCHANT0423,107.15,Food,P2P,Bangalore,Android,BHIM,0,Wednesday,1,107.15,0
TXN000385,32:25.9,USER0101,MERCHANT0292,84.85,Travel,P2P,Pune,Web,Paytm,4,Wednesday,1,110.34,-25.49
TXN000386,51:53.5,USER0052,MERCHANT0472,210.69,Grocery,P2P,Delhi,Web,Google Pay,8,Wednesday,0,113.63,97.06
TXN000387,11:21.1,USER0668,MERCHANT0148,255.13,Travel,Recharge,Pune,ios,Google Pay,13,Wednesday,0,255.13,0
TXN000388,30:48.6,USER0554,MERCHANT0225,1183.43,Travel,P2P,Pune,ios,Paytm,17,Wednesday,0,614.98,568.45
TXN000389,50:16.2,USER0857,MERCHANT0064,468.92,Entertainment,P2M,Delhi,ios,BHIM,21,Wednesday,0,468.92,0
TXN000390,09:43.8,USER0016,MERCHANT0240,101.81,Shopping,P2P,Delhi,Android,Google Pay,2,Thursday,1,101.81,0
TXN000391,29:11.4,USER0993,MERCHANT0353,73.82,Healthcare,Recharge,Bangalore,Android,Google Pay,6,Thursday,0,73.82,0
TXN000392,48:38.9,USER0096,MERCHANT0156,296.46,Shopping,Recharge,Pune,ios,Google Pay,10,Thursday,0,175.79,120.67
TXN000393,08:06.5,USER0949,MERCHANT0359,48.41,Utilities,P2M,Mumbai,ios,PhonePe,15,Thursday,0,208.86,-160.45
TXN000394,27:34.1,USER0772,MERCHANT0207,1131.68,Grocery,P2M,Hyderanbad,Web,PhonePe,19,Thursday,0,1140.34,-8.66
TXN000395,47:01.6,USER0870,MERCHANT0483,589.6,Shopping,P2P,Hyderanbad,Web,Paytm,23,Thursday,0,589.6,0
TXN000396,06:29.2,USER0243,MERCHANT0140,113.39,Utilities,P2M,Hyderanbad,Web,Paytm,4,Friday,1,651.89,-538.5
TXN000397,25:56.8,USER0171,MERCHANT0257,32.68,Grocery,Bill Payment,Pune,ios,BHIM,8,Friday,0,32.68,0
TXN000398,45:24.3,USER0417,MERCHANT0277,701.96,Shopping,P2M,Chennai,Web,BHIM,12,Friday,0,379.84,322.12
TXN000399,04:51.9,USER0498,MERCHANT0253,161.65,Travel,Bill Payment,Delhi,Web,Paytm,17,Friday,0,267.72,-106.07
TXN000400,24:19.5,USER0493,MERCHANT0225,625.04,Travel,Bill Payment,Bangalore,ios,BHIM,21,Friday,0,625.04,0
TXN000401,43:47.0,USER0219,MERCHANT0042,36.8,Grocery,P2M,Bangalore,Web,Google Pay,1,Saturday,1,253.2,-216.4
TXN000402,03:14.6,USER0886,MERCHANT0307,99.55,Grocery,Bill Payment,Hyderanbad,ios,Google Pay,6,Saturday,0,306.88,-207.33
TXN000403,22:42.2,USER0411,MERCHANT0021,182.23,Shopping,P2M,Bangalore,Android,BHIM,10,Saturday,0,518.12,-335.89
TXN000404,42:09.7,USER0925,MERCHANT0456,189.99,Healthcare,P2M,Mumbai,Android,BHIM,14,Saturday,0,145.96,44.03
TXN000405,01:37.3,USER0061,MERCHANT0222,115.58,Shopping,Recharge,Mumbai,Web,Paytm,19,Saturday,0,150.35,-34.77
TXN000406,21:04.9,USER0169,MERCHANT0377,337.93,Grocery,Bill Payment,Delhi,Android,Paytm,23,Saturday,0,337.93,0
TXN000407,40:32.4,USER0389,MERCHANT0166,62.33,Entertainment,Bill Payment,Bangalore,Android,BHIM,3,Sunday,1,118.4,-56.07
TXN000408,00:00.0,USER0003,MERCHANT0310,157.22,Healthcare,P2P,Pune,ios,Google Pay,8,Sunday,0,157.22,0
TXN000409,19:27.6,USER0400,MERCHANT0129,204.44,Healthcare,P2M,Bangalore,ios,PhonePe,12,Sunday,0,133.3,71.14
TXN000410,38:55.1,USER0272,MERCHANT0014,303.21,Grocery,Recharge,Pune,Web,BHIM,16,Sunday,0,148.86,154.35
TXN000411,58:22.7,USER0949,MERCHANT0047,369.3,Utilities,Recharge,Chennai,ios,Paytm,20,Sunday,0,208.86,160.44
TXN000412,17:50.3,USER0803,MERCHANT0118,58.87,Utilities,P2P,Hyderanbad,Web,Paytm,1,Monday,1,126.4,-67.53
TXN000413,37:17.8,USER0804,MERCHANT0493,39.09,Utilities,Bill Payment,Pune,Web,BHIM,5,Monday,0,156.52,-117.43
TXN000414,56:45.4,USER0466,MERCHANT0346,650.46,Travel,Recharge,Chennai,ios,Paytm,9,Monday,0,376.42,274.04
TXN000415,16:13.0,USER0293,MERCHANT0429,252.73,Travel,Bill Payment,Hyderanbad,Web,Google Pay,14,Monday,0,257.41,-4.68
TXN000416,35:40.5,USER0434,MERCHANT0441,85.76,Utilities,Recharge,Mumbai,Android,Paytm,18,Monday,0,191.95,-106.19
TXN000417,55:08.1,USER0714,MERCHANT0295,855.04,Utilities,Recharge,Bangalore,Android,PhonePe,22,Monday,0,558.28,296.76
TXN000418,14:35.7,USER0981,MERCHANT0301,203.5,Healthcare,P2M,Chennai,Android,PhonePe,3,Tuesday,1,251.91,-48.41
TXN000419,34:03.2,USER0749,MERCHANT0487,589.51,Entertainment,Bill Payment,Delhi,ios,Google Pay,7,Tuesday,0,589.51,0
TXN000420,53:30.8,USER0803,MERCHANT0011,193.93,Grocery,Recharge,Bangalore,Android,Paytm,11,Tuesday,0,126.4,67.53
TXN000421,12:58.4,USER0570,MERCHANT0392,1423.32,Travel,P2M,Hyderanbad,Web,Paytm,16,Tuesday,0,1423.32,0
TXN000422,32:25.9,USER0678,MERCHANT0345,1048.74,Healthcare,Recharge,Bangalore,Web,BHIM,20,Tuesday,0,578.35,470.39
TXN000423,51:53.5,USER0736,MERCHANT0421,141.32,Utilities,P2M,Delhi,Web,PhonePe,0,Wednesday,1,158.49,-17.17
TXN000424,11:21.1,USER0499,MERCHANT0138,478.94,Entertainment,P2M,Hyderanbad,ios,BHIM,5,Wednesday,0,478.94,0
TXN000425,30:48.6,USER0159,MERCHANT0296,345.63,Food,Bill Payment,Hyderanbad,Android,BHIM,9,Wednesday,0,286.2,59.43
TXN000426,50:16.2,USER0195,MERCHANT0021,712.39,Shopping,P2M,Delhi,ios,Paytm,13,Wednesday,0,323.03,389.36
TXN000427,09:43.8,USER0304,MERCHANT0391,69.07,Utilities,Recharge,Bangalore,Web,PhonePe,18,Wednesday,0,69.07,0
TXN000428,29:11.4,USER0223,MERCHANT0388,359.98,Travel,P2P,Delhi,Android,BHIM,22,Wednesday,0,359.98,0
TXN000429,48:38.9,USER0992,MERCHANT0090,522.4,Utilities,Recharge,Pune,Android,Paytm,2,Thursday,1,522.4,0
TXN000430,08:06.5,USER0060,MERCHANT0241,31.23,Food,Recharge,Mumbai,Android,Google Pay,7,Thursday,0,337.36,-306.13
TXN000431,27:34.1,USER0594,MERCHANT0266,55.52,Grocery,P2M,Delhi,ios,PhonePe,11,Thursday,0,196.55,-141.03
TXN000432,47:01.6,USER0754,MERCHANT0334,23.59,Travel,Recharge,Hyderanbad,Android,Paytm,15,Thursday,0,29.01,-5.42
TXN000433,06:29.2,USER0556,MERCHANT0227,138.46,Grocery,P2M,Pune,ios,Google Pay,20,Thursday,0,334.43,-195.97
TXN000434,25:56.8,USER0063,MERCHANT0470,371.5,Healthcare,Bill Payment,Mumbai,Android,BHIM,0,Friday,1,310.9,60.6
TXN000435,45:24.3,USER0766,MERCHANT0143,814.32,Healthcare,P2M,Delhi,Web,BHIM,4,Friday,1,433.09,381.23
TXN000436,04:51.9,USER0322,MERCHANT0093,195.21,Shopping,Bill Payment,Mumbai,ios,BHIM,9,Friday,0,257.26,-62.05
TXN000437,24:19.5,USER0059,MERCHANT0300,923.91,Entertainment,P2P,Bangalore,Android,Google Pay,13,Friday,0,639.02,284.89
TXN000438,43:47.0,USER0052,MERCHANT0224,45.6,Grocery,Recharge,Hyderanbad,ios,Google Pay,17,Friday,0,113.63,-68.03
TXN000439,03:14.6,USER0599,MERCHANT0326,33,Utilities,Bill Payment,Delhi,Android,BHIM,22,Friday,0,238.16,-205.16
TXN000440,22:42.2,USER0489,MERCHANT0417,171.48,Entertainment,P2P,Hyderanbad,Web,BHIM,2,Saturday,1,137.3,34.18
TXN000441,42:09.7,USER0515,MERCHANT0252,266.15,Food,P2M,Pune,Web,Google Pay,6,Saturday,0,266.15,0
TXN000442,01:37.3,USER0942,MERCHANT0497,175.44,Grocery,P2P,Pune,Web,Paytm,11,Saturday,0,101.42,74.02
TXN000443,21:04.9,USER0874,MERCHANT0047,22.93,Food,Bill Payment,Mumbai,Android,PhonePe,15,Saturday,0,53.82,-30.89
TXN000444,40:32.4,USER0544,MERCHANT0241,165.82,Entertainment,Recharge,Pune,ios,BHIM,19,Saturday,0,183.16,-17.34
TXN000445,00:00.0,USER0162,MERCHANT0179,49.18,Travel,P2P,Chennai,ios,Google Pay,0,Sunday,1,170.91,-121.73
TXN000446,19:27.6,USER0059,MERCHANT0210,354.13,Travel,P2P,Pune,Web,Paytm,4,Sunday,1,639.02,-284.89
TXN000447,38:55.1,USER0984,MERCHANT0171,261.54,Utilities,P2M,Delhi,Web,Paytm,8,Sunday,0,261.54,0
TXN000448,58:22.7,USER0521,MERCHANT0165,70.82,Utilities,P2M,Hyderanbad,Web,Paytm,12,Sunday,1,70.82,0
TXN000449,17:50.3,USER0083,MERCHANT0344,108.43,Utilities,Recharge,Chennai,Android,BHIM,17,Sunday,0,245.38,-136.95
TXN000450,37:17.8,USER0872,MERCHANT0054,62.85,Food,P2M,Mumbai,ios,Google Pay,21,Sunday,0,62.85,0
TXN000451,56:45.4,USER0191,MERCHANT0440,170.26,Shopping,Bill Payment,Pune,Android,PhonePe,1,Monday,1,170.26,0
TXN000452,16:13.0,USER0071,MERCHANT0083,471.13,Shopping,Bill Payment,Hyderanbad,Web,Google Pay,6,Monday,0,491.65,-20.52
TXN000453,35:40.5,USER0610,MERCHANT0169,67.65,Shopping,P2P,Bangalore,Web,Google Pay,10,Monday,0,459.79,-392.14
TXN000454,55:08.1,USER0070,MERCHANT0211,300.08,Travel,P2M,Delhi,Android,Paytm,14,Monday,0,216.5,83.58
TXN000455,14:35.7,USER0692,MERCHANT0356,106.67,Travel,P2M,Pune,Web,PhonePe,19,Monday,0,77.18,29.49
TXN000456,34:03.2,USER0883,MERCHANT0254,82.03,Healthcare,P2P,Pune,ios,BHIM,23,Monday,0,151.37,-69.34
TXN000457,53:30.8,USER0241,MERCHANT0148,162.87,Shopping,Recharge,Pune,Web,BHIM,3,Tuesday,1,133.12,29.75
TXN000458,12:58.4,USER0414,MERCHANT0340,64.38,Entertainment,P2M,Hyderanbad,ios,Paytm,8,Tuesday,0,64.38,0
TXN000459,32:25.9,USER0123,MERCHANT0484,104.2,Utilities,P2M,Delhi,Web,BHIM,12,Tuesday,0,104.2,0
TXN000460,51:53.5,USER0965,MERCHANT0206,54.71,Grocery,Recharge,Chennai,Android,Google Pay,16,Tuesday,0,54.71,0
TXN000461,11:21.1,USER0912,MERCHANT0417,1293.01,Healthcare,P2M,Chennai,Web,Paytm,21,Tuesday,0,741.54,551.47
TXN000462,30:48.6,USER0584,MERCHANT0390,187.78,Entertainment,Bill Payment,Delhi,Web,PhonePe,1,Wednesday,1,187.78,0
TXN000463,50:16.2,USER0253,MERCHANT0282,90.04,Entertainment,Bill Payment,Hyderanbad,Android,Google Pay,5,Wednesday,0,630.62,-540.58
TXN000464,09:43.8,USER0593,MERCHANT0019,224.52,Shopping,Recharge,Mumbai,Web,PhonePe,10,Wednesday,0,224.52,0
TXN000465,29:11.4,USER0609,MERCHANT0233,162.01,Grocery,Recharge,Chennai,Android,PhonePe,14,Wednesday,0,162.01,0
TXN000466,48:38.9,USER0041,MERCHANT0046,145.33,Shopping,Bill Payment,Chennai,Android,Google Pay,18,Wednesday,0,288.92,-143.59
TXN000467,08:06.5,USER0635,MERCHANT0162,335.01,Grocery,Bill Payment,Delhi,ios,PhonePe,23,Wednesday,0,346.68,-11.67
TXN000468,27:34.1,USER0084,MERCHANT0130,386.65,Utilities,Bill Payment,Hyderanbad,Web,Paytm,3,Thursday,1,386.65,0
TXN000469,47:01.6,USER0430,MERCHANT0166,106.64,Entertainment,Bill Payment,Hyderanbad,Web,Paytm,7,Thursday,0,468.18,-361.54
TXN000470,06:29.2,USER0674,MERCHANT0060,101.92,Travel,Recharge,Pune,Web,Google Pay,12,Thursday,0,101.92,0
TXN000471,25:56.8,USER0598,MERCHANT0497,137.68,Shopping,Recharge,Hyderanbad,ios,BHIM,16,Thursday,0,205.79,-68.11
TXN000472,45:24.3,USER0579,MERCHANT0396,18.14,Shopping,P2P,Pune,Web,PhonePe,20,Thursday,0,18.14,0
TXN000473,04:51.9,USER0536,MERCHANT0207,39.84,Entertainment,Recharge,Bangalore,ios,Google Pay,1,Friday,1,39.84,0
TXN000474,24:19.5,USER0324,MERCHANT0443,711.14,Healthcare,Bill Payment,Hyderanbad,ios,PhonePe,5,Friday,0,587.67,123.47
TXN000475,43:47.0,USER0958,MERCHANT0264,939.14,Entertainment,P2M,Delhi,Web,Google Pay,9,Friday,0,567.34,371.8
TXN000476,03:14.6,USER0268,MERCHANT0423,141.31,Utilities,Bill Payment,Pune,Web,PhonePe,14,Friday,0,359.58,-218.27
TXN000477,22:42.2,USER0210,MERCHANT0001,322.65,Healthcare,Bill Payment,Bangalore,Android,BHIM,18,Friday,0,322.65,0
TXN000478,42:09.7,USER0686,MERCHANT0337,247.46,Food,Recharge,Mumbai,ios,Google Pay,22,Friday,0,318.06,-70.6
TXN000479,01:37.3,USER0734,MERCHANT0446,3939.78,Shopping,P2P,Mumbai,ios,Paytm,3,Saturday,1,2101.86,1837.92
TXN000480,21:04.9,USER0322,MERCHANT0278,555.34,Grocery,P2M,Mumbai,ios,BHIM,7,Saturday,0,257.26,298.08
TXN000481,40:32.4,USER0245,MERCHANT0237,159.51,Utilities,P2M,Pune,ios,Paytm,11,Saturday,0,253.15,-93.64
TXN000482,00:00.0,USER0272,MERCHANT0212,69.72,Entertainment,P2P,Hyderanbad,ios,BHIM,16,Saturday,0,148.86,-79.14
TXN000483,19:27.6,USER0406,MERCHANT0028,36.36,Food,Bill Payment,Pune,Android,Paytm,20,Saturday,0,170.93,-134.57
TXN000484,38:55.1,USER0135,MERCHANT0097,222.17,Shopping,Recharge,Mumbai,Android,BHIM,0,Sunday,1,222.17,0
TXN000485,58:22.7,USER0688,MERCHANT0266,85.08,Shopping,Bill Payment,Hyderanbad,ios,PhonePe,4,Sunday,1,254.51,-169.43
TXN000486,17:50.3,USER0661,MERCHANT0186,43.72,Entertainment,P2M,Bangalore,Web,Paytm,9,Sunday,0,43.72,0
TXN000487,37:17.8,USER0308,MERCHANT0319,94.96,Entertainment,P2M,Mumbai,Web,PhonePe,13,Sunday,0,96,-1.04
TXN000488,56:45.4,USER0469,MERCHANT0388,61.46,Entertainment,Bill Payment,Delhi,Web,Google Pay,17,Sunday,0,61.46,0
TXN000489,16:13.0,USER0324,MERCHANT0256,979.6,Travel,P2M,Hyderanbad,Web,PhonePe,22,Sunday,0,587.67,391.93
TXN000490,35:40.5,USER0952,MERCHANT0321,437.75,Food,Recharge,Pune,ios,Paytm,2,Monday,1,746.52,-308.77
TXN000491,55:08.1,USER0770,MERCHANT0227,179.83,Utilities,P2M,Pune,Web,BHIM,6,Monday,0,509.49,-329.66
TXN000492,14:35.7,USER0959,MERCHANT0390,796.27,Entertainment,Recharge,Delhi,Web,PhonePe,11,Monday,0,796.27,0
TXN000493,34:03.2,USER0075,MERCHANT0027,195.85,Grocery,Bill Payment,Chennai,ios,BHIM,15,Monday,0,318.56,-122.71
TXN000494,53:30.8,USER0010,MERCHANT0105,76.61,Shopping,Bill Payment,Pune,Web,Google Pay,19,Monday,0,234.22,-157.61
TXN000495,12:58.4,USER0470,MERCHANT0137,831.41,Utilities,Recharge,Delhi,Web,Google Pay,0,Tuesday,1,461.62,369.79
TXN000496,32:25.9,USER0637,MERCHANT0282,310.73,Travel,Recharge,Mumbai,Web,Paytm,4,Tuesday,1,310.73,0
TXN000497,51:53.5,USER0577,MERCHANT0068,64.25,Entertainment,Recharge,Mumbai,Web,BHIM,8,Tuesday,0,64.25,0
TXN000498,11:21.1,USER0103,MERCHANT0475,149.85,Healthcare,P2M,Pune,Android,PhonePe,13,Tuesday,0,149.85,0
TXN000499,30:48.6,USER0076,MERCHANT0148,75.52,Shopping,Bill Payment,Hyderanbad,Android,PhonePe,17,Tuesday,0,75.52,0
TXN000500,50:16.2,USER0551,MERCHANT0225,45.48,Healthcare,P2M,Chennai,Android,Google Pay,21,Tuesday,0,45.48,0
TXN000501,09:43.8,USER0219,MERCHANT0451,457.68,Food,P2M,Pune,Web,BHIM,2,Wednesday,1,253.2,204.48
TXN000502,29:11.4,USER0519,MERCHANT0358,1223.43,Entertainment,Recharge,Mumbai,Web,BHIM,6,Wednesday,0,1223.43,0
TXN000503,48:38.9,USER0272,MERCHANT0249,44.77,Entertainment,P2M,Hyderanbad,ios,Google Pay,10,Wednesday,0,148.86,-104.09
TXN000504,08:06.5,USER0136,MERCHANT0063,318.29,Healthcare,P2P,Delhi,Web,PhonePe,15,Wednesday,1,248.68,69.61
TXN000505,27:34.1,USER0956,MERCHANT0015,94.57,Entertainment,P2P,Mumbai,ios,Google Pay,19,Wednesday,0,105.41,-10.84
TXN000506,47:01.6,USER0358,MERCHANT0499,111.37,Entertainment,P2P,Delhi,Web,BHIM,23,Wednesday,0,111.37,0
TXN000507,06:29.2,USER0903,MERCHANT0323,100.24,Utilities,P2P,Chennai,Android,PhonePe,4,Thursday,1,320.83,-220.59
TXN000508,25:56.8,USER0071,MERCHANT0312,76.4,Grocery,P2P,Chennai,Web,Google Pay,8,Thursday,0,491.65,-415.25
TXN000509,45:24.3,USER0901,MERCHANT0410,190.28,Entertainment,Recharge,Bangalore,Web,BHIM,12,Thursday,0,190.28,0
TXN000510,04:51.9,USER0251,MERCHANT0123,78.97,Entertainment,P2M,Hyderanbad,Android,BHIM,17,Thursday,0,285.6,-206.63
TXN000511,24:19.5,USER0379,MERCHANT0364,237.57,Travel,P2M,Mumbai,Web,Paytm,21,Thursday,0,326.71,-89.14
TXN000512,43:47.0,USER0292,MERCHANT0082,172.39,Utilities,P2P,Delhi,Web,Paytm,1,Friday,1,172.39,0
TXN000513,03:14.6,USER0162,MERCHANT0160,142.74,Shopping,P2M,Delhi,Web,Google Pay,6,Friday,0,170.91,-28.17
TXN000514,22:42.2,USER0449,MERCHANT0283,73.14,Grocery,P2P,Delhi,Web,PhonePe,10,Friday,0,259.41,-186.27
TXN000515,42:09.7,USER0854,MERCHANT0008,101.82,Shopping,P2M,Pune,ios,PhonePe,14,Friday,0,583.45,-481.63
TXN000516,01:37.3,USER0557,MERCHANT0283,385.83,Shopping,Recharge,Pune,Web,Paytm,19,Friday,0,385.83,0
TXN000517,21:04.9,USER0721,MERCHANT0209,299.14,Food,Bill Payment,Chennai,Android,BHIM,23,Friday,0,299.14,0
TXN000518,40:32.4,USER0310,MERCHANT0048,68.2,Food,P2P,Bangalore,ios,Paytm,3,Saturday,1,68.2,0
TXN000519,00:00.0,USER0627,MERCHANT0116,200.2,Shopping,Recharge,Chennai,Web,Google Pay,8,Saturday,0,200.2,0
TXN000520,19:27.6,USER0827,MERCHANT0431,384.29,Healthcare,Recharge,Bangalore,ios,Paytm,12,Saturday,0,271.3,112.99
TXN000521,38:55.1,USER0670,MERCHANT0468,34.14,Travel,P2P,Chennai,Web,PhonePe,16,Saturday,0,50.33,-16.19
TXN000522,58:22.7,USER0542,MERCHANT0059,312.11,Food,P2P,Delhi,Web,Google Pay,20,Saturday,0,175.98,136.13
TXN000523,17:50.3,USER0009,MERCHANT0237,93.45,Food,Recharge,Pune,Web,PhonePe,1,Sunday,1,93.45,0
TXN000524,37:17.8,USER0684,MERCHANT0485,320.73,Food,P2P,Chennai,Web,Google Pay,5,Sunday,0,331.04,-10.31
TXN000525,56:45.4,USER0837,MERCHANT0061,84.5,Food,P2P,Hyderanbad,ios,BHIM,9,Sunday,0,130.72,-46.22
TXN000526,16:13.0,USER0568,MERCHANT0332,29.82,Grocery,Bill Payment,Chennai,Web,Paytm,14,Sunday,0,59.02,-29.2
TXN000527,35:40.5,USER0307,MERCHANT0427,35.6,Shopping,Bill Payment,Hyderanbad,Web,PhonePe,18,Sunday,0,35.6,0
TXN000528,55:08.1,USER0955,MERCHANT0079,190.2,Healthcare,P2P,Delhi,Web,Google Pay,22,Sunday,0,190.2,0
TXN000529,14:35.7,USER0680,MERCHANT0256,235.03,Healthcare,Recharge,Pune,ios,Paytm,3,Monday,1,412.99,-177.96
TXN000530,34:03.2,USER0107,MERCHANT0478,73.38,Grocery,P2M,Chennai,ios,PhonePe,7,Monday,0,73.38,0
TXN000531,53:30.8,USER0962,MERCHANT0367,343.3,Utilities,P2P,Hyderanbad,Android,BHIM,11,Monday,0,242.92,100.38
TXN000532,12:58.4,USER0900,MERCHANT0150,34.41,Healthcare,P2P,Pune,Web,Google Pay,16,Monday,0,256.95,-222.54
TXN000533,32:25.9,USER0138,MERCHANT0261,169.68,Utilities,P2M,Bangalore,Android,PhonePe,20,Monday,0,169.68,0
TXN000534,51:53.5,USER0271,MERCHANT0362,54,Healthcare,P2M,Delhi,Android,PhonePe,0,Tuesday,1,244.17,-190.17
TXN000535,11:21.1,USER0119,MERCHANT0140,94.46,Entertainment,P2M,Chennai,ios,BHIM,5,Tuesday,0,503.89,-409.43
TXN000536,30:48.6,USER0912,MERCHANT0213,190.07,Utilities,Bill Payment,Chennai,Android,Google Pay,9,Tuesday,0,741.54,-551.47
TXN000537,50:16.2,USER0110,MERCHANT0428,76.68,Grocery,Bill Payment,Delhi,Android,Paytm,13,Tuesday,0,111.52,-34.84
TXN000538,09:43.8,USER0761,MERCHANT0248,123.4,Entertainment,Bill Payment,Pune,Web,PhonePe,18,Tuesday,0,123.4,0
TXN000539,29:11.4,USER0567,MERCHANT0242,495.86,Shopping,Recharge,Pune,Android,Google Pay,22,Tuesday,0,360.21,135.65
TXN000540,48:38.9,USER0160,MERCHANT0125,101.81,Healthcare,P2P,Chennai,Android,Google Pay,2,Wednesday,1,108.08,-6.27
TXN000541,08:06.5,USER0279,MERCHANT0234,418.09,Utilities,Bill Payment,Mumbai,ios,BHIM,7,Wednesday,0,302.32,115.77
TXN000542,27:34.1,USER0289,MERCHANT0283,58.57,Food,Recharge,Chennai,Android,PhonePe,11,Wednesday,0,58.57,0
TXN000543,47:01.6,USER0620,MERCHANT0075,307.91,Utilities,Recharge,Hyderanbad,ios,Paytm,15,Wednesday,0,307.91,0
TXN000544,06:29.2,USER0216,MERCHANT0197,766.3,Travel,P2M,Bangalore,Web,PhonePe,20,Wednesday,0,684.59,81.71
TXN000545,25:56.8,USER0735,MERCHANT0098,15.31,Food,P2M,Hyderanbad,ios,PhonePe,0,Thursday,1,15.31,0
TXN000546,45:24.3,USER0352,MERCHANT0472,81.7,Food,Bill Payment,Mumbai,Android,Paytm,4,Thursday,1,81.7,0
TXN000547,04:51.9,USER0209,MERCHANT0307,322.81,Food,P2P,Pune,Android,Google Pay,9,Thursday,0,322.81,0
TXN000548,24:19.5,USER0704,MERCHANT0261,147.96,Healthcare,P2P,Hyderanbad,Web,PhonePe,13,Thursday,0,90.37,57.59
TXN000549,43:47.0,USER0650,MERCHANT0383,262.73,Entertainment,P2P,Delhi,ios,Google Pay,17,Thursday,0,190.86,71.87
TXN000550,03:14.6,USER0874,MERCHANT0451,99.09,Healthcare,Recharge,Hyderanbad,Android,BHIM,22,Thursday,0,53.82,45.27
TXN000551,22:42.2,USER0271,MERCHANT0070,197.67,Utilities,Recharge,Pune,Web,Google Pay,2,Friday,1,244.17,-46.5
TXN000552,42:09.7,USER0518,MERCHANT0443,155.14,Healthcare,Recharge,Chennai,Android,Paytm,6,Friday,0,174.54,-19.4
TXN000553,01:37.3,USER0501,MERCHANT0036,582.76,Food,Recharge,Hyderanbad,ios,Paytm,11,Friday,0,347.75,235.01
TXN000554,21:04.9,USER0258,MERCHANT0142,233.79,Entertainment,P2P,Mumbai,ios,BHIM,15,Friday,0,174.89,58.9
TXN000555,40:32.4,USER0928,MERCHANT0396,254.07,Travel,P2P,Bangalore,Android,Google Pay,19,Friday,0,252.38,1.69
TXN000556,00:00.0,USER0930,MERCHANT0405,120.08,Grocery,P2M,Pune,Web,PhonePe,0,Saturday,1,120.08,0
TXN000557,19:27.6,USER0867,MERCHANT0438,111.32,Travel,P2P,Delhi,Web,BHIM,4,Saturday,1,111.32,0
TXN000558,38:55.1,USER0053,MERCHANT0213,117.62,Shopping,Recharge,Chennai,Web,Paytm,8,Saturday,0,117.62,0
TXN000559,58:22.7,USER0095,MERCHANT0175,268.93,Entertainment,Recharge,Mumbai,Web,Google Pay,12,Saturday,0,180.52,88.41
TXN000560,17:50.3,USER0650,MERCHANT0479,118.99,Entertainment,Bill Payment,Pune,Android,Paytm,17,Saturday,0,190.86,-71.87
TXN000561,37:17.8,USER0434,MERCHANT0404,242.2,Food,P2P,Delhi,Web,PhonePe,21,Saturday,0,191.95,50.25
TXN000562,56:45.4,USER0850,MERCHANT0260,1444.33,Travel,P2P,Delhi,Web,BHIM,1,Sunday,1,809.61,634.72
TXN000563,16:13.0,USER0284,MERCHANT0137,433.17,Utilities,P2M,Pune,Web,BHIM,6,Sunday,0,491.25,-58.08
TXN000564,35:40.5,USER0046,MERCHANT0421,130.84,Shopping,P2M,Chennai,ios,Paytm,10,Sunday,0,200.52,-69.68
TXN000565,55:08.1,USER0004,MERCHANT0002,602.58,Healthcare,Recharge,Mumbai,Android,BHIM,14,Sunday,0,536.59,65.99
TXN000566,14:35.7,USER0342,MERCHANT0145,120.53,Entertainment,Bill Payment,Chennai,Web,Google Pay,19,Sunday,0,120.53,0
TXN000567,34:03.2,USER0790,MERCHANT0372,23.61,Healthcare,P2P,Chennai,Web,Google Pay,23,Sunday,0,23.61,0
TXN000568,53:30.8,USER0134,MERCHANT0153,66.15,Travel,P2P,Chennai,ios,Paytm,3,Monday,1,66.15,0
TXN000569,12:58.4,USER0653,MERCHANT0429,27.92,Food,Bill Payment,Chennai,Web,Paytm,8,Monday,0,177.58,-149.66
TXN000570,32:25.9,USER0269,MERCHANT0301,127.55,Utilities,P2P,Delhi,Web,BHIM,12,Monday,0,127.55,0
TXN000571,51:53.5,USER0166,MERCHANT0297,184.64,Food,P2M,Bangalore,Android,Paytm,16,Monday,0,104.28,80.36
TXN000572,11:21.1,USER0760,MERCHANT0338,969.17,Shopping,Bill Payment,Mumbai,ios,Google Pay,21,Monday,0,671.85,297.32
TXN000573,30:48.6,USER0453,MERCHANT0251,251.37,Healthcare,P2P,Delhi,ios,PhonePe,1,Tuesday,1,268.36,-16.99
TXN000574,50:16.2,USER0565,MERCHANT0444,145.61,Healthcare,P2M,Pune,ios,Google Pay,5,Tuesday,0,145.61,0
TXN000575,09:43.8,USER0723,MERCHANT0077,415.47,Travel,P2M,Pune,Web,BHIM,10,Tuesday,0,415.47,0
TXN000576,29:11.4,USER0438,MERCHANT0229,19.86,Healthcare,Recharge,Chennai,ios,Paytm,14,Tuesday,0,19.86,0
TXN000577,48:38.9,USER0575,MERCHANT0276,229.43,Food,P2P,Mumbai,Web,Paytm,18,Tuesday,0,162.35,67.08
TXN000578,08:06.5,USER0010,MERCHANT0248,391.84,Shopping,Bill Payment,Delhi,Android,Paytm,23,Tuesday,0,234.22,157.62
TXN000579,27:34.1,USER0115,MERCHANT0177,41.32,Entertainment,P2M,Delhi,Android,BHIM,3,Wednesday,1,390.4,-349.08
TXN000580,47:01.6,USER0078,MERCHANT0171,568.93,Utilities,P2M,Mumbai,Web,PhonePe,7,Wednesday,0,1094.16,-525.23
TXN000581,06:29.2,USER0968,MERCHANT0283,254.3,Travel,Recharge,Chennai,ios,BHIM,12,Wednesday,0,254.3,0
TXN000582,25:56.8,USER0905,MERCHANT0391,119.67,Travel,Bill Payment,Mumbai,Android,Google Pay,16,Wednesday,0,119.67,0
TXN000583,45:24.3,USER0708,MERCHANT0279,341.31,Healthcare,Recharge,Mumbai,Web,PhonePe,20,Wednesday,0,341.31,0
TXN000584,04:51.9,USER0926,MERCHANT0194,1755.82,Shopping,P2M,Bangalore,ios,Paytm,1,Thursday,1,1755.82,0
TXN000585,24:19.5,USER0153,MERCHANT0234,217.43,Healthcare,P2P,Bangalore,Android,Google Pay,5,Thursday,0,217.43,0
TXN000586,43:47.0,USER0559,MERCHANT0478,232.34,Travel,Bill Payment,Chennai,Web,Paytm,9,Thursday,0,119.47,112.87
TXN000587,03:14.6,USER0037,MERCHANT0165,114.51,Utilities,P2P,Bangalore,Web,PhonePe,14,Thursday,0,114.51,0
TXN000588,22:42.2,USER0855,MERCHANT0446,77.49,Utilities,P2P,Pune,Web,BHIM,18,Thursday,0,160.62,-83.13
TXN000589,42:09.7,USER0379,MERCHANT0097,415.85,Travel,Recharge,Bangalore,Web,Google Pay,22,Thursday,0,326.71,89.14
TXN000590,01:37.3,USER0597,MERCHANT0358,77.01,Food,P2M,Bangalore,ios,BHIM,3,Friday,1,77.01,0
TXN000591,21:04.9,USER0566,MERCHANT0123,194.72,Healthcare,P2P,Bangalore,Web,Google Pay,7,Friday,1,227.46,-32.74
TXN000592,40:32.4,USER0152,MERCHANT0293,112.43,Food,Bill Payment,Delhi,Web,Paytm,11,Friday,0,79.84,32.59
TXN000593,00:00.0,USER0441,MERCHANT0197,292.65,Healthcare,Recharge,Hyderanbad,Web,Paytm,16,Friday,0,316.91,-24.26
TXN000594,19:27.6,USER0131,MERCHANT0120,253.07,Utilities,Bill Payment,Bangalore,Web,BHIM,20,Friday,0,145.57,107.5
TXN000595,38:55.1,USER0043,MERCHANT0439,511.6,Food,P2P,Mumbai,Android,Paytm,0,Saturday,1,511.6,0
TXN000596,58:22.7,USER0316,MERCHANT0398,108.85,Healthcare,Bill Payment,Bangalore,Web,PhonePe,4,Saturday,1,108.85,0
TXN000597,17:50.3,USER0374,MERCHANT0211,138.4,Shopping,Recharge,Hyderanbad,Android,PhonePe,9,Saturday,0,186.88,-48.48
TXN000598,37:17.8,USER0921,MERCHANT0023,68.12,Grocery,Recharge,Chennai,ios,PhonePe,13,Saturday,0,385.66,-317.54
TXN000599,56:45.4,USER0956,MERCHANT0163,116.25,Entertainment,P2M,Chennai,ios,PhonePe,17,Saturday,0,105.41,10.84
TXN000600,16:13.0,USER0816,MERCHANT0382,264.36,Travel,Bill Payment,Pune,Android,Google Pay,22,Saturday,0,216.68,47.68
TXN000601,35:40.5,USER0996,MERCHANT0243,386.44,Healthcare,Recharge,Pune,Web,Google Pay,2,Sunday,1,249,137.44
TXN000602,55:08.1,USER0882,MERCHANT0362,72.08,Shopping,Recharge,Bangalore,Android,PhonePe,6,Sunday,0,348.32,-276.24
TXN000603,14:35.7,USER0041,MERCHANT0468,432.51,Utilities,P2M,Mumbai,Android,Google Pay,11,Sunday,0,288.92,143.59
TXN000604,34:03.2,USER0921,MERCHANT0416,703.2,Grocery,Recharge,Mumbai,Android,PhonePe,15,Sunday,0,385.66,317.54
TXN000605,53:30.8,USER0367,MERCHANT0196,274.08,Entertainment,P2P,Delhi,Web,BHIM,19,Sunday,0,274.08,0
TXN000606,12:58.4,USER0216,MERCHANT0198,1184.17,Healthcare,Bill Payment,Mumbai,Web,Google Pay,0,Monday,1,684.59,499.58
TXN000607,32:25.9,USER0699,MERCHANT0340,83.61,Utilities,P2M,Delhi,Android,PhonePe,4,Monday,1,70.7,12.91
TXN000608,51:53.5,USER0256,MERCHANT0406,52.21,Healthcare,P2P,Delhi,ios,PhonePe,8,Monday,0,80.12,-27.91
TXN000609,11:21.1,USER0683,MERCHANT0421,30.61,Grocery,P2P,Mumbai,Android,BHIM,13,Monday,0,59.17,-28.56
TXN000610,30:48.6,USER0106,MERCHANT0334,809.2,Shopping,Bill Payment,Mumbai,ios,BHIM,17,Monday,0,809.2,0
TXN000611,50:16.2,USER0363,MERCHANT0078,348.75,Grocery,P2M,Delhi,ios,Paytm,21,Monday,0,196.56,152.19
TXN000612,09:43.8,USER0799,MERCHANT0254,171.47,Healthcare,Recharge,Pune,Web,PhonePe,2,Tuesday,1,171.47,0
TXN000613,29:11.4,USER0574,MERCHANT0494,239.84,Food,P2M,Bangalore,ios,Paytm,6,Tuesday,0,239.84,0
TXN000614,48:38.9,USER0906,MERCHANT0019,58.82,Shopping,Recharge,Pune,Android,Google Pay,10,Tuesday,0,151.39,-92.57
TXN000615,08:06.5,USER0896,MERCHANT0065,2091.74,Travel,Bill Payment,Chennai,Android,PhonePe,15,Tuesday,0,1262.71,829.03
TXN000616,27:34.1,USER0417,MERCHANT0258,206.28,Utilities,Bill Payment,Mumbai,Web,PhonePe,19,Tuesday,0,379.84,-173.56
TXN000617,47:01.6,USER0998,MERCHANT0495,202.23,Food,P2P,Hyderanbad,ios,Google Pay,23,Tuesday,0,202.23,0
TXN000618,06:29.2,USER0636,MERCHANT0303,374.57,Healthcare,P2P,Mumbai,Android,BHIM,4,Wednesday,1,374.57,0
TXN000619,25:56.8,USER0768,MERCHANT0170,293.25,Travel,P2P,Delhi,ios,PhonePe,8,Wednesday,0,293.25,0
TXN000620,45:24.3,USER0159,MERCHANT0446,226.76,Grocery,Bill Payment,Hyderanbad,ios,BHIM,12,Wednesday,0,286.2,-59.44
TXN000621,04:51.9,USER0948,MERCHANT0052,82.23,Food,Recharge,Hyderanbad,Web,PhonePe,17,Wednesday,0,197.58,-115.35
TXN000622,24:19.5,USER0953,MERCHANT0448,290.46,Healthcare,Bill Payment,Bangalore,Android,Paytm,21,Wednesday,0,290.46,0
TXN000623,43:47.0,USER0243,MERCHANT0433,1190.38,Travel,Bill Payment,Chennai,Android,BHIM,1,Thursday,1,651.89,538.49
TXN000624,03:14.6,USER0886,MERCHANT0226,696.05,Shopping,P2P,Mumbai,Android,Paytm,6,Thursday,0,306.88,389.17
TXN000625,22:42.2,USER0167,MERCHANT0052,891.75,Grocery,P2M,Bangalore,ios,PhonePe,10,Thursday,0,536.98,354.77
TXN000626,42:09.7,USER1000,MERCHANT0270,108.72,Travel,P2P,Chennai,Web,Paytm,14,Thursday,1,108.72,0
TXN000627,01:37.3,USER0820,MERCHANT0467,67.38,Grocery,P2M,Pune,Android,PhonePe,19,Thursday,0,261.35,-193.97
TXN000628,21:04.9,USER0831,MERCHANT0234,159.85,Travel,Recharge,Hyderanbad,Web,PhonePe,23,Thursday,0,100.08,59.77
TXN000629,40:32.4,USER0182,MERCHANT0008,191.66,Utilities,Recharge,Bangalore,Web,Paytm,3,Friday,1,191.66,0
TXN000630,00:00.0,USER0903,MERCHANT0370,541.42,Shopping,Recharge,Pune,Web,PhonePe,8,Friday,0,320.83,220.59
TXN000631,19:27.6,USER0423,MERCHANT0074,33.37,Food,P2P,Mumbai,ios,Google Pay,12,Friday,0,33.37,0
TXN000632,38:55.1,USER0026,MERCHANT0210,836.77,Travel,P2P,Mumbai,ios,PhonePe,16,Friday,0,444.52,392.25
TXN000633,58:22.7,USER0184,MERCHANT0446,154.78,Grocery,P2P,Delhi,Web,PhonePe,20,Friday,0,154.78,0
TXN000634,17:50.3,USER0755,MERCHANT0336,118.29,Shopping,Bill Payment,Pune,Web,Google Pay,1,Saturday,1,127.49,-9.2
TXN000635,37:17.8,USER0947,MERCHANT0497,65.88,Food,P2P,Pune,ios,BHIM,5,Saturday,0,65.88,0
TXN000636,56:45.4,USER0341,MERCHANT0080,34.64,Grocery,Bill Payment,Bangalore,Android,Google Pay,9,Saturday,0,34.64,0
TXN000637,16:13.0,USER0802,MERCHANT0039,412.89,Shopping,Recharge,Chennai,Web,Google Pay,14,Saturday,0,412.89,0
TXN000638,35:40.5,USER0954,MERCHANT0241,195.06,Grocery,P2P,Hyderanbad,ios,Google Pay,18,Saturday,0,195.06,0
TXN000639,55:08.1,USER0422,MERCHANT0401,49.9,Healthcare,Bill Payment,Chennai,Web,Google Pay,22,Saturday,0,49.9,0
TXN000640,14:35.7,USER0822,MERCHANT0497,49.65,Entertainment,Recharge,Chennai,Android,BHIM,3,Sunday,1,49.65,0
TXN000641,34:03.2,USER0686,MERCHANT0136,129.57,Entertainment,Recharge,Hyderanbad,Android,PhonePe,7,Sunday,0,318.06,-188.49
TXN000642,53:30.8,USER0885,MERCHANT0174,962.01,Shopping,P2P,Delhi,Web,Paytm,11,Sunday,0,877.32,84.69
TXN000643,12:58.4,USER0753,MERCHANT0320,139.83,Healthcare,P2M,Chennai,Android,BHIM,16,Sunday,0,453.9,-314.07
TXN000644,32:25.9,USER0831,MERCHANT0355,40.32,Food,P2M,Delhi,Web,BHIM,20,Sunday,0,100.08,-59.76
TXN000645,51:53.5,USER0255,MERCHANT0204,141.78,Food,Recharge,Delhi,Android,PhonePe,0,Monday,1,131.57,10.21
TXN000646,11:21.1,USER0274,MERCHANT0333,138,Grocery,P2M,Pune,ios,Google Pay,5,Monday,0,246.42,-108.42
TXN000647,30:48.6,USER0164,MERCHANT0042,12.22,Shopping,P2M,Mumbai,Web,Google Pay,9,Monday,0,993.21,-980.99
TXN000648,50:16.2,USER0807,MERCHANT0437,171.69,Healthcare,Bill Payment,Mumbai,Web,BHIM,13,Monday,0,171.69,0
TXN000649,09:43.8,USER0719,MERCHANT0169,143.89,Travel,Bill Payment,Bangalore,ios,Paytm,18,Monday,0,144.52,-0.63
TXN000650,29:11.4,USER0111,MERCHANT0437,363.66,Entertainment,Bill Payment,Hyderanbad,Android,Google Pay,22,Monday,0,363.66,0
TXN000651,48:38.9,USER0392,MERCHANT0346,1151.66,Healthcare,Recharge,Hyderanbad,ios,BHIM,2,Tuesday,1,1151.66,0
TXN000652,08:06.5,USER0894,MERCHANT0440,559.23,Food,P2M,Bangalore,Android,Paytm,7,Tuesday,0,341.27,217.96
TXN000653,27:34.1,USER0040,MERCHANT0274,138.53,Healthcare,P2P,Pune,Android,Paytm,11,Tuesday,0,194.85,-56.32
TXN000654,47:01.6,USER0880,MERCHANT0195,59.95,Entertainment,P2M,Mumbai,Web,Paytm,15,Tuesday,0,59.95,0
TXN000655,06:29.2,USER0482,MERCHANT0489,2376.44,Travel,Recharge,Delhi,ios,Paytm,20,Tuesday,0,2376.44,0
TXN000656,25:56.8,USER0228,MERCHANT0163,192.33,Travel,Bill Payment,Mumbai,ios,BHIM,0,Wednesday,1,192.33,0
TXN000657,45:24.3,USER0205,MERCHANT0321,183.81,Utilities,Recharge,Bangalore,ios,BHIM,4,Wednesday,1,183.81,0
TXN000658,04:51.9,USER0837,MERCHANT0368,176.95,Grocery,Bill Payment,Mumbai,ios,Paytm,9,Wednesday,0,130.72,46.23
TXN000659,24:19.5,USER0941,MERCHANT0455,220.98,Grocery,Recharge,Delhi,Android,Google Pay,13,Wednesday,0,260.67,-39.69
TXN000660,43:47.0,USER0472,MERCHANT0389,156.9,Grocery,P2P,Chennai,Web,Google Pay,17,Wednesday,0,156.9,0
TXN000661,03:14.6,USER0359,MERCHANT0250,102.14,Shopping,Bill Payment,Chennai,Web,BHIM,22,Wednesday,0,102.14,0
TXN000662,22:42.2,USER0313,MERCHANT0447,104.91,Food,Bill Payment,Hyderanbad,ios,Paytm,2,Thursday,1,104.91,0
TXN000663,42:09.7,USER0841,MERCHANT0278,175.43,Healthcare,P2M,Bangalore,Web,Paytm,6,Thursday,0,175.43,0
TXN000664,01:37.3,USER0815,MERCHANT0019,105.27,Food,Recharge,Pune,Web,BHIM,11,Thursday,0,105.27,0
TXN000665,21:04.9,USER0893,MERCHANT0317,88.87,Utilities,P2M,Mumbai,Android,BHIM,15,Thursday,0,88.87,0
TXN000666,40:32.4,USER0234,MERCHANT0036,201.63,Entertainment,Recharge,Mumbai,Android,BHIM,19,Thursday,0,141.2,60.43
TXN000667,00:00.0,USER0229,MERCHANT0121,140.47,Utilities,P2P,Pune,Web,PhonePe,0,Friday,1,509.92,-369.45
TXN000668,19:27.6,USER0025,MERCHANT0324,815.66,Utilities,P2M,Pune,ios,PhonePe,4,Friday,1,815.66,0
TXN000669,38:55.1,USER0676,MERCHANT0351,12.79,Travel,Bill Payment,Chennai,ios,Paytm,8,Friday,0,296.44,-283.65
TXN000670,58:22.7,USER0198,MERCHANT0472,539.97,Grocery,P2P,Delhi,Android,PhonePe,12,Friday,0,539.97,0
TXN000671,17:50.3,USER0409,MERCHANT0148,630.23,Healthcare,Recharge,Mumbai,Web,Google Pay,17,Friday,0,381.07,249.16
TXN000672,37:17.8,USER0337,MERCHANT0117,22.8,Shopping,Bill Payment,Bangalore,Web,Paytm,21,Friday,0,22.8,0
TXN000673,56:45.4,USER0286,MERCHANT0383,128.68,Food,Recharge,Mumbai,Web,PhonePe,1,Saturday,1,425.28,-296.6
TXN000674,16:13.0,USER0886,MERCHANT0047,125.03,Shopping,Bill Payment,Delhi,Android,Paytm,6,Saturday,1,306.88,-181.85
TXN000675,35:40.5,USER0072,MERCHANT0223,44.37,Grocery,Recharge,Bangalore,Android,Google Pay,10,Saturday,1,174.64,-130.27
TXN000676,55:08.1,USER0991,MERCHANT0051,83.28,Grocery,Bill Payment,Bangalore,Web,Google Pay,14,Saturday,0,83.28,0
TXN000677,14:35.7,USER0792,MERCHANT0390,59.71,Food,Recharge,Bangalore,ios,Paytm,19,Saturday,0,84.73,-25.02
TXN000678,34:03.2,USER0286,MERCHANT0325,1045.52,Travel,P2M,Chennai,ios,PhonePe,23,Saturday,0,425.28,620.24
TXN000679,53:30.8,USER0360,MERCHANT0361,462.05,Entertainment,Bill Payment,Delhi,Android,Paytm,3,Sunday,1,462.05,0
TXN000680,12:58.4,USER0657,MERCHANT0447,646.49,Healthcare,Bill Payment,Mumbai,ios,Google Pay,8,Sunday,0,358.72,287.77
TXN000681,32:25.9,USER0522,MERCHANT0052,373.03,Utilities,P2M,Chennai,ios,PhonePe,12,Sunday,0,223.76,149.27
TXN000682,51:53.5,USER0410,MERCHANT0228,58.61,Travel,Recharge,Hyderanbad,Web,PhonePe,16,Sunday,0,88.84,-30.23
TXN000683,11:21.1,USER0696,MERCHANT0086,107.28,Grocery,Bill Payment,Bangalore,Web,BHIM,21,Sunday,0,140.71,-33.43
TXN000684,30:48.6,USER0864,MERCHANT0356,295.71,Grocery,P2M,Pune,ios,Paytm,1,Monday,1,181.52,114.19
TXN000685,50:16.2,USER0550,MERCHANT0154,53.4,Healthcare,Recharge,Delhi,Android,Google Pay,5,Monday,0,244.84,-191.44
TXN000686,09:43.8,USER0340,MERCHANT0463,369.81,Travel,Bill Payment,Bangalore,Web,Google Pay,10,Monday,0,369.81,0
TXN000687,29:11.4,USER0962,MERCHANT0015,142.55,Utilities,Bill Payment,Delhi,ios,Paytm,14,Monday,0,242.92,-100.37
TXN000688,48:38.9,USER0029,MERCHANT0024,124.61,Utilities,Recharge,Pune,Web,Paytm,18,Monday,0,124.61,0
TXN000689,08:06.5,USER0119,MERCHANT0167,369.06,Grocery,P2M,Bangalore,Web,Google Pay,23,Monday,0,503.89,-134.83
TXN000690,27:34.1,USER0899,MERCHANT0408,282.67,Entertainment,Bill Payment,Mumbai,ios,Google Pay,3,Tuesday,1,282.67,0
TXN000691,47:01.6,USER0994,MERCHANT0029,126.35,Utilities,Recharge,Delhi,ios,Paytm,7,Tuesday,0,126.35,0
TXN000692,06:29.2,USER0268,MERCHANT0151,577.86,Utilities,Bill Payment,Bangalore,Android,Paytm,12,Tuesday,0,359.58,218.28
TXN000693,25:56.8,USER0183,MERCHANT0184,61.49,Food,Recharge,Bangalore,ios,PhonePe,16,Tuesday,0,44.75,16.74
TXN000694,45:24.3,USER0595,MERCHANT0192,335.61,Entertainment,Bill Payment,Delhi,Web,BHIM,20,Tuesday,0,335.61,0
TXN000695,04:51.9,USER0986,MERCHANT0221,328.03,Food,P2P,Pune,Android,Google Pay,1,Wednesday,1,328.03,0
TXN000696,24:19.5,USER0272,MERCHANT0075,133.01,Shopping,P2M,Delhi,ios,PhonePe,5,Wednesday,0,148.86,-15.85
TXN000697,43:47.0,USER0040,MERCHANT0126,251.17,Travel,P2M,Hyderanbad,Web,Paytm,9,Wednesday,0,194.85,56.32
TXN000698,03:14.6,USER0112,MERCHANT0272,51.88,Grocery,P2P,Mumbai,Android,BHIM,14,Wednesday,0,206.67,-154.79
TXN000699,22:42.2,USER0611,MERCHANT0211,456.7,Utilities,Recharge,Pune,Android,Google Pay,18,Wednesday,0,306.3,150.4
TXN000700,42:09.7,USER0445,MERCHANT0290,150.67,Shopping,P2M,Chennai,Android,BHIM,22,Wednesday,0,150.67,0
TXN000701,01:37.3,USER0354,MERCHANT0350,107.48,Food,Recharge,Chennai,Web,PhonePe,3,Thursday,1,107.48,0
TXN000702,21:04.9,USER0747,MERCHANT0406,517.5,Utilities,Bill Payment,Mumbai,Web,Paytm,7,Thursday,0,1024.51,-507.01
TXN000703,40:32.4,USER0806,MERCHANT0093,89.63,Travel,P2P,Mumbai,Android,PhonePe,11,Thursday,0,89.63,0
TXN000704,00:00.0,USER0322,MERCHANT0088,44.32,Food,Recharge,Chennai,Web,BHIM,16,Thursday,0,257.26,-212.94
TXN000705,19:27.6,USER0447,MERCHANT0090,38.22,Entertainment,Recharge,Delhi,Android,PhonePe,20,Thursday,0,268.41,-230.19
TXN000706,38:55.1,USER0621,MERCHANT0041,332.29,Entertainment,P2M,Hyderanbad,Android,PhonePe,0,Friday,1,332.29,0
TXN000707,58:22.7,USER0524,MERCHANT0313,50.38,Grocery,Bill Payment,Bangalore,Web,Paytm,4,Friday,1,192.1,-141.72
TXN000708,17:50.3,USER0119,MERCHANT0446,1048.16,Utilities,P2M,Hyderanbad,Web,Paytm,9,Friday,0,503.89,544.27
TXN000709,37:17.8,USER0395,MERCHANT0196,22.6,Shopping,Bill Payment,Pune,Android,BHIM,13,Friday,0,196.39,-173.79
TXN000710,56:45.4,USER0922,MERCHANT0318,988.76,Grocery,P2M,Hyderanbad,Web,BHIM,17,Friday,0,428.55,560.21
TXN000711,16:13.0,USER0591,MERCHANT0350,223.86,Utilities,Recharge,Mumbai,ios,PhonePe,22,Friday,0,190.17,33.69
TXN000712,35:40.5,USER0195,MERCHANT0124,164.56,Utilities,Recharge,Bangalore,Android,Google Pay,2,Saturday,1,323.03,-158.47
TXN000713,55:08.1,USER0261,MERCHANT0255,105.12,Utilities,P2P,Hyderanbad,Android,PhonePe,6,Saturday,0,105.12,0
TXN000714,14:35.7,USER0046,MERCHANT0468,270.19,Healthcare,Recharge,Bangalore,Web,BHIM,11,Saturday,0,200.52,69.67
TXN000715,34:03.2,USER0726,MERCHANT0299,174.58,Utilities,Recharge,Hyderanbad,Web,PhonePe,15,Saturday,0,174.58,0
TXN000716,53:30.8,USER0447,MERCHANT0074,546.37,Utilities,Recharge,Chennai,Web,Paytm,19,Saturday,0,268.41,277.96
TXN000717,12:58.4,USER0002,MERCHANT0119,203.21,Grocery,Recharge,Bangalore,ios,PhonePe,0,Sunday,1,203.21,0
TXN000718,32:25.9,USER0533,MERCHANT0237,210.67,Travel,P2P,Hyderanbad,Web,Paytm,4,Sunday,1,210.67,0
TXN000719,51:53.5,USER0948,MERCHANT0327,126.01,Healthcare,Bill Payment,Pune,Android,Google Pay,8,Sunday,0,197.58,-71.57
TXN000720,11:21.1,USER0826,MERCHANT0131,171.24,Travel,P2P,Bangalore,Web,Paytm,13,Sunday,0,220.97,-49.73
TXN000721,30:48.6,USER0552,MERCHANT0236,246.61,Grocery,P2P,Delhi,Web,Google Pay,17,Sunday,0,284.63,-38.02
TXN000722,50:16.2,USER0704,MERCHANT0131,32.78,Entertainment,P2M,Mumbai,Android,Google Pay,21,Sunday,0,90.37,-57.59
TXN000723,09:43.8,USER0737,MERCHANT0342,47.08,Travel,Bill Payment,Bangalore,Android,PhonePe,2,Monday,1,94.21,-47.13
TXN000724,29:11.4,USER0963,MERCHANT0005,381.18,Shopping,P2M,Chennai,ios,BHIM,6,Monday,0,339.03,42.15
TXN000725,48:38.9,USER0760,MERCHANT0461,215.05,Shopping,P2P,Mumbai,Web,BHIM,10,Monday,0,671.85,-456.8
TXN000726,08:06.5,USER0755,MERCHANT0412,150.81,Entertainment,Recharge,Hyderanbad,ios,PhonePe,15,Monday,0,127.49,23.32
TXN000727,27:34.1,USER0687,MERCHANT0239,184.64,Grocery,Bill Payment,Hyderanbad,Android,Google Pay,19,Monday,0,156.65,27.99
TXN000728,47:01.6,USER0202,MERCHANT0462,256.62,Shopping,Recharge,Hyderanbad,Android,BHIM,23,Monday,0,256.62,0
TXN000729,06:29.2,USER0373,MERCHANT0148,105.66,Healthcare,P2P,Hyderanbad,Android,Paytm,4,Tuesday,1,105.66,0
TXN000730,25:56.8,USER0442,MERCHANT0347,83.24,Grocery,P2P,Chennai,Android,BHIM,8,Tuesday,0,62.92,20.32
TXN000731,45:24.3,USER0072,MERCHANT0280,220.49,Shopping,P2P,Hyderanbad,Android,Google Pay,12,Tuesday,0,174.64,45.85
TXN000732,04:51.9,USER0972,MERCHANT0081,68.14,Food,Bill Payment,Pune,ios,Google Pay,17,Tuesday,0,68.14,0
TXN000733,24:19.5,USER0681,MERCHANT0038,272.67,Entertainment,P2M,Mumbai,Web,Paytm,21,Tuesday,0,1396.8,-1124.13
TXN000734,43:47.0,USER0943,MERCHANT0227,33.03,Entertainment,P2M,Bangalore,Android,PhonePe,1,Wednesday,1,33.03,0
TXN000735,03:14.6,USER0339,MERCHANT0484,507.33,Entertainment,Recharge,Pune,Web,BHIM,6,Wednesday,0,352.04,155.29
TXN000736,22:42.2,USER0639,MERCHANT0177,290.79,Grocery,Bill Payment,Pune,Android,PhonePe,10,Wednesday,0,290.79,0
TXN000737,42:09.7,USER0322,MERCHANT0301,234.17,Healthcare,Recharge,Pune,ios,BHIM,14,Wednesday,0,257.26,-23.09
TXN000738,01:37.3,USER0680,MERCHANT0154,484.29,Utilities,Recharge,Pune,ios,Paytm,19,Wednesday,0,412.99,71.3
TXN000739,21:04.9,USER0869,MERCHANT0328,958.6,Entertainment,P2M,Pune,ios,PhonePe,23,Wednesday,0,776.94,181.66
TXN000740,40:32.4,USER0128,MERCHANT0493,499.88,Healthcare,Bill Payment,Mumbai,ios,BHIM,3,Thursday,1,601.75,-101.87
TXN000741,00:00.0,USER0738,MERCHANT0218,28.76,Shopping,P2P,Bangalore,Web,BHIM,8,Thursday,0,28.76,0
TXN000742,19:27.6,USER0922,MERCHANT0354,50.42,Food,Recharge,Mumbai,ios,Google Pay,12,Thursday,0,428.55,-378.13
TXN000743,38:55.1,USER0308,MERCHANT0129,97.05,Grocery,P2P,Chennai,ios,Google Pay,16,Thursday,0,96,1.05
TXN000744,58:22.7,USER0520,MERCHANT0234,186.06,Shopping,Bill Payment,Bangalore,ios,BHIM,20,Thursday,0,211.15,-25.09
TXN000745,17:50.3,USER0317,MERCHANT0433,304.19,Utilities,Recharge,Pune,Android,Google Pay,1,Friday,1,304.19,0
TXN000746,37:17.8,USER0683,MERCHANT0155,87.73,Shopping,P2P,Chennai,ios,BHIM,5,Friday,0,59.17,28.56
TXN000747,56:45.4,USER0419,MERCHANT0102,218.5,Healthcare,P2P,Pune,Web,BHIM,9,Friday,0,218.5,0
TXN000748,16:13.0,USER0335,MERCHANT0197,85.17,Entertainment,P2M,Hyderanbad,Android,Google Pay,14,Friday,0,203.27,-118.1
TXN000749,35:40.5,USER0413,MERCHANT0437,98.35,Food,Bill Payment,Delhi,Web,Google Pay,18,Friday,0,88.8,9.55
TXN000750,55:08.1,USER0714,MERCHANT0248,44.4,Healthcare,Bill Payment,Delhi,Android,Google Pay,22,Friday,0,558.28,-513.88
TXN000751,14:35.7,USER0303,MERCHANT0055,72.01,Healthcare,Bill Payment,Chennai,Web,PhonePe,3,Saturday,1,72.01,0
TXN000752,34:03.2,USER0568,MERCHANT0122,46.91,Entertainment,Recharge,Mumbai,Web,Paytm,7,Saturday,0,59.02,-12.11
TXN000753,53:30.8,USER0131,MERCHANT0196,68.31,Travel,P2M,Mumbai,Web,BHIM,11,Saturday,0,145.57,-77.26
TXN000754,12:58.4,USER0197,MERCHANT0293,519.9,Entertainment,Recharge,Bangalore,Android,Paytm,16,Saturday,0,257.18,262.72
TXN000755,32:25.9,USER0431,MERCHANT0184,70.15,Travel,Bill Payment,Hyderanbad,Web,PhonePe,20,Saturday,0,86.9,-16.75
TXN000756,51:53.5,USER0681,MERCHANT0295,2520.93,Entertainment,Recharge,Bangalore,Web,PhonePe,0,Sunday,1,1396.8,1124.13
TXN000757,11:21.1,USER0963,MERCHANT0152,296.88,Food,P2P,Hyderanbad,Android,BHIM,5,Sunday,0,339.03,-42.15
TXN000758,30:48.6,USER0389,MERCHANT0359,218.07,Healthcare,Recharge,Delhi,Web,BHIM,9,Sunday,0,118.4,99.67
TXN000759,50:16.2,USER0694,MERCHANT0152,76.83,Food,Recharge,Delhi,Android,Paytm,13,Sunday,0,76.83,0
TXN000760,09:43.8,USER0767,MERCHANT0012,365.15,Grocery,Bill Payment,Hyderanbad,ios,Paytm,18,Sunday,0,365.15,0
TXN000761,29:11.4,USER0925,MERCHANT0425,101.94,Entertainment,P2P,Bangalore,Web,Google Pay,22,Sunday,0,145.96,-44.02
TXN000762,48:38.9,USER0179,MERCHANT0338,204.8,Healthcare,Bill Payment,Mumbai,Android,Paytm,2,Monday,1,204.8,0
TXN000763,08:06.5,USER0631,MERCHANT0203,2345.1,Travel,P2P,Chennai,ios,Paytm,7,Monday,0,2345.1,0
TXN000764,27:34.1,USER0583,MERCHANT0141,164.67,Grocery,P2P,Hyderanbad,Web,PhonePe,11,Monday,0,164.67,0
TXN000765,47:01.6,USER0309,MERCHANT0005,572.08,Shopping,P2P,Hyderanbad,ios,Paytm,15,Monday,0,572.08,0
TXN000766,06:29.2,USER0416,MERCHANT0290,89.73,Food,Bill Payment,Hyderanbad,Web,Google Pay,20,Monday,0,89.73,0
TXN000767,25:56.8,USER0562,MERCHANT0443,175.04,Grocery,P2P,Bangalore,Android,Paytm,0,Tuesday,1,141.54,33.5
TXN000768,45:24.3,USER0854,MERCHANT0352,1065.08,Healthcare,P2M,Mumbai,ios,BHIM,4,Tuesday,1,583.45,481.63
TXN000769,04:51.9,USER0001,MERCHANT0399,96.84,Food,P2M,Bangalore,ios,Google Pay,9,Tuesday,0,263.85,-167.01
TXN000770,24:19.5,USER0312,MERCHANT0382,1110.37,Grocery,P2M,Pune,ios,BHIM,13,Tuesday,0,1110.37,0
TXN000771,43:47.0,USER0294,MERCHANT0499,367.88,Shopping,P2M,Pune,ios,PhonePe,17,Tuesday,0,367.88,0
TXN000772,03:14.6,USER0216,MERCHANT0026,103.29,Shopping,Bill Payment,Hyderanbad,Web,Google Pay,22,Tuesday,0,684.59,-581.3
TXN000773,22:42.2,USER0441,MERCHANT0467,341.18,Utilities,Recharge,Hyderanbad,Android,Google Pay,2,Wednesday,1,316.91,24.27
TXN000774,42:09.7,USER0805,MERCHANT0311,479.41,Travel,Recharge,Hyderanbad,ios,Paytm,6,Wednesday,0,479.41,0
TXN000775,01:37.3,USER0594,MERCHANT0382,337.58,Healthcare,P2M,Mumbai,Android,Google Pay,11,Wednesday,0,196.55,141.03
TXN000776,21:04.9,USER0622,MERCHANT0255,37.7,Utilities,Recharge,Mumbai,Web,PhonePe,15,Wednesday,0,120.38,-82.68
TXN000777,40:32.4,USER0671,MERCHANT0427,87.61,Travel,P2M,Hyderanbad,Android,PhonePe,19,Wednesday,0,87.61,0
TXN000778,00:00.0,USER0330,MERCHANT0463,141.53,Shopping,P2M,Mumbai,Android,PhonePe,0,Thursday,1,141.53,0
TXN000779,19:27.6,USER0477,MERCHANT0463,168.27,Grocery,Recharge,Delhi,Web,Google Pay,4,Thursday,1,168.27,0
TXN000780,38:55.1,USER0453,MERCHANT0147,337.2,Healthcare,Recharge,Hyderanbad,ios,Google Pay,8,Thursday,0,268.36,68.84
TXN000781,58:22.7,USER0453,MERCHANT0398,216.52,Entertainment,P2P,Delhi,Web,Paytm,12,Thursday,0,268.36,-51.84
TXN000782,17:50.3,USER0692,MERCHANT0410,47.69,Food,P2M,Bangalore,ios,PhonePe,17,Thursday,0,77.18,-29.49
TXN000783,37:17.8,USER0219,MERCHANT0118,265.12,Shopping,Recharge,Delhi,Web,Paytm,21,Thursday,0,253.2,11.92
TXN000784,56:45.4,USER0524,MERCHANT0311,333.81,Shopping,Recharge,Bangalore,Android,PhonePe,1,Friday,1,192.1,141.71
TXN000785,16:13.0,USER0485,MERCHANT0411,317.28,Healthcare,Recharge,Chennai,ios,Paytm,6,Friday,1,166.61,150.67
TXN000786,35:40.5,USER0813,MERCHANT0181,534.21,Healthcare,P2P,Bangalore,Web,BHIM,10,Friday,0,534.21,0
TXN000787,55:08.1,USER0923,MERCHANT0113,417.35,Grocery,P2M,Hyderanbad,Web,BHIM,14,Friday,0,417.35,0
TXN000788,14:35.7,USER0983,MERCHANT0326,286.91,Healthcare,P2M,Hyderanbad,Web,PhonePe,19,Friday,0,286.91,0
TXN000789,34:03.2,USER0816,MERCHANT0098,168.99,Entertainment,Bill Payment,Bangalore,ios,Paytm,23,Friday,0,216.68,-47.69
TXN000790,53:30.8,USER0754,MERCHANT0318,34.43,Shopping,P2P,Mumbai,Android,Google Pay,3,Saturday,1,29.01,5.42
TXN000791,12:58.4,USER0174,MERCHANT0129,278.56,Shopping,P2P,Pune,Web,Google Pay,8,Saturday,0,278.56,0
TXN000792,32:25.9,USER0675,MERCHANT0348,223.12,Grocery,P2M,Delhi,Web,Google Pay,12,Saturday,0,225.87,-2.75
TXN000793,51:53.5,USER0087,MERCHANT0387,237.84,Healthcare,Bill Payment,Bangalore,Android,Paytm,16,Saturday,0,237.84,0
TXN000794,11:21.1,USER0291,MERCHANT0370,50.56,Shopping,Bill Payment,Pune,Android,BHIM,21,Saturday,0,50.56,0
TXN000795,30:48.6,USER0528,MERCHANT0393,61.49,Travel,P2M,Hyderanbad,Android,Google Pay,1,Sunday,1,61.49,0
TXN000796,50:16.2,USER0680,MERCHANT0338,519.65,Travel,Recharge,Hyderanbad,Android,PhonePe,5,Sunday,0,412.99,106.66
TXN000797,09:43.8,USER0649,MERCHANT0349,174.24,Entertainment,P2P,Chennai,Web,BHIM,10,Sunday,0,174.24,0
TXN000798,29:11.4,USER0635,MERCHANT0430,358.35,Travel,Bill Payment,Chennai,Web,PhonePe,14,Sunday,0,346.68,11.67
TXN000799,48:38.9,USER0344,MERCHANT0071,186.48,Travel,Recharge,Bangalore,ios,Paytm,18,Sunday,0,418.72,-232.24
TXN000800,08:06.5,USER0096,MERCHANT0322,186.75,Shopping,Bill Payment,Mumbai,Web,Google Pay,23,Sunday,0,175.79,10.96
TXN000801,27:34.1,USER0839,MERCHANT0050,463.26,Food,Recharge,Bangalore,Web,PhonePe,3,Monday,1,463.26,0
TXN000802,47:01.6,USER0975,MERCHANT0463,108.2,Travel,Recharge,Delhi,Android,Paytm,7,Monday,0,108.2,0
TXN000803,06:29.2,USER0770,MERCHANT0322,199.56,Entertainment,P2P,Chennai,ios,Google Pay,12,Monday,0,509.49,-309.93
TXN000804,25:56.8,USER0241,MERCHANT0331,114.17,Travel,Bill Payment,Pune,Android,Paytm,16,Monday,0,133.12,-18.95
TXN000805,45:24.3,USER0689,MERCHANT0021,117.39,Shopping,Bill Payment,Mumbai,Web,PhonePe,20,Monday,0,117.39,0
TXN000806,04:51.9,USER0318,MERCHANT0159,133.06,Healthcare,Recharge,Chennai,Web,BHIM,1,Tuesday,1,133.06,0
TXN000807,24:19.5,USER0231,MERCHANT0404,226.36,Utilities,P2M,Bangalore,Web,PhonePe,5,Tuesday,0,304.54,-78.18
TXN000808,43:47.0,USER0826,MERCHANT0226,112.31,Shopping,Bill Payment,Delhi,ios,PhonePe,9,Tuesday,0,220.97,-108.66
TXN000809,03:14.6,USER0204,MERCHANT0018,636.35,Healthcare,P2P,Delhi,Android,BHIM,14,Tuesday,0,294.47,341.88
TXN000810,22:42.2,USER0151,MERCHANT0297,74.1,Grocery,P2M,Mumbai,ios,Paytm,18,Tuesday,0,74.1,0
TXN000811,42:09.7,USER0026,MERCHANT0187,150.37,Entertainment,Bill Payment,Delhi,Web,Paytm,22,Tuesday,0,444.52,-294.15
TXN000812,01:37.3,USER0048,MERCHANT0375,116.78,Travel,P2P,Delhi,Web,PhonePe,3,Wednesday,1,116.78,0
TXN000813,21:04.9,USER0251,MERCHANT0068,770.45,Grocery,P2M,Delhi,Android,PhonePe,7,Wednesday,0,285.6,484.85
TXN000814,40:32.4,USER0487,MERCHANT0047,220.64,Travel,Bill Payment,Delhi,Android,Paytm,11,Wednesday,0,171.63,49.01
TXN000815,00:00.0,USER0626,MERCHANT0466,508.69,Utilities,P2P,Bangalore,Android,BHIM,16,Wednesday,0,508.69,0
TXN000816,19:27.6,USER0871,MERCHANT0152,41.04,Healthcare,P2M,Chennai,Android,Google Pay,20,Wednesday,0,41.04,0
TXN000817,38:55.1,USER0787,MERCHANT0168,236.76,Food,Bill Payment,Chennai,Web,BHIM,0,Thursday,1,169.82,66.94
TXN000818,58:22.7,USER0075,MERCHANT0383,441.26,Utilities,P2M,Mumbai,ios,PhonePe,4,Thursday,1,318.56,122.7
TXN000819,17:50.3,USER0467,MERCHANT0213,196.82,Shopping,Recharge,Pune,Android,Paytm,9,Thursday,0,196.82,0
TXN000820,37:17.8,USER0425,MERCHANT0090,526.09,Shopping,Recharge,Pune,Android,BHIM,13,Thursday,0,372.28,153.81
TXN000821,56:45.4,USER0908,MERCHANT0103,108.06,Grocery,P2M,Delhi,Android,PhonePe,17,Thursday,0,108.06,0
TXN000822,16:13.0,USER0645,MERCHANT0068,742,Grocery,Recharge,Chennai,Web,Google Pay,22,Thursday,0,742,0
TXN000823,35:40.5,USER0590,MERCHANT0403,1806.05,Shopping,Recharge,Bangalore,Web,Google Pay,2,Friday,1,1087.08,718.97
TXN000824,55:08.1,USER0200,MERCHANT0277,126.11,Entertainment,P2M,Delhi,Android,BHIM,6,Friday,0,126.11,0
TXN000825,14:35.7,USER0736,MERCHANT0449,116.11,Shopping,Recharge,Delhi,Web,PhonePe,11,Friday,0,158.49,-42.38
TXN000826,34:03.2,USER0714,MERCHANT0498,775.4,Shopping,P2M,Chennai,ios,PhonePe,15,Friday,0,558.28,217.12
TXN000827,53:30.8,USER0394,MERCHANT0188,879.69,Travel,P2M,Bangalore,Web,Google Pay,19,Friday,0,879.69,0
TXN000828,12:58.4,USER0507,MERCHANT0272,107.46,Utilities,Recharge,Hyderanbad,Web,Paytm,0,Saturday,1,107.46,0
TXN000829,32:25.9,USER0410,MERCHANT0257,119.08,Entertainment,Bill Payment,Chennai,Android,Paytm,4,Saturday,1,88.84,30.24
TXN000830,51:53.5,USER0250,MERCHANT0468,136.76,Travel,P2M,Mumbai,ios,BHIM,8,Saturday,0,136.76,0
TXN000831,11:21.1,USER0152,MERCHANT0140,47.25,Food,P2M,Pune,Web,BHIM,13,Saturday,0,79.84,-32.59
TXN000832,30:48.6,USER0672,MERCHANT0426,72.34,Entertainment,Bill Payment,Bangalore,Android,Google Pay,17,Saturday,0,62.48,9.86
TXN000833,50:16.2,USER0705,MERCHANT0085,66.41,Travel,Recharge,Pune,ios,PhonePe,21,Saturday,0,69.71,-3.3
TXN000834,09:43.8,USER0006,MERCHANT0132,84.12,Shopping,P2P,Bangalore,Android,Paytm,2,Sunday,1,84.12,0
TXN000835,29:11.4,USER0915,MERCHANT0468,175.09,Travel,Bill Payment,Chennai,Android,Paytm,6,Sunday,0,182.49,-7.4
TXN000836,48:38.9,USER0769,MERCHANT0423,229.11,Grocery,P2P,Bangalore,Web,Paytm,10,Sunday,1,382.26,-153.15
TXN000837,08:06.5,USER0882,MERCHANT0484,854.49,Entertainment,Recharge,Hyderanbad,Web,Paytm,15,Sunday,0,348.32,506.17
TXN000838,27:34.1,USER0789,MERCHANT0247,66.8,Healthcare,P2M,Delhi,ios,Google Pay,19,Sunday,0,118.27,-51.47
TXN000839,47:01.6,USER0907,MERCHANT0496,485.08,Shopping,P2M,Mumbai,ios,Paytm,23,Sunday,0,385.56,99.52
TXN000840,06:29.2,USER0110,MERCHANT0413,146.35,Utilities,Recharge,Hyderanbad,ios,PhonePe,4,Monday,1,111.52,34.83
TXN000841,25:56.8,USER0798,MERCHANT0152,172.52,Travel,Recharge,Pune,Android,Paytm,8,Monday,0,298.83,-126.31
TXN000842,45:24.3,USER0436,MERCHANT0383,355.96,Shopping,Recharge,Mumbai,Web,BHIM,12,Monday,0,355.96,0
TXN000843,04:51.9,USER0225,MERCHANT0446,58.98,Entertainment,Recharge,Delhi,Web,PhonePe,17,Monday,0,147.54,-88.56
TXN000844,24:19.5,USER0181,MERCHANT0174,265.71,Healthcare,Recharge,Chennai,Android,Paytm,21,Monday,0,265.71,0
TXN000845,43:47.0,USER0824,MERCHANT0412,214.1,Grocery,Recharge,Hyderanbad,Android,Google Pay,1,Tuesday,1,214.1,0
TXN000846,03:14.6,USER0981,MERCHANT0059,296.62,Grocery,Recharge,Bangalore,ios,Google Pay,6,Tuesday,0,251.91,44.71
TXN000847,22:42.2,USER0713,MERCHANT0240,242.06,Entertainment,P2M,Pune,Web,Paytm,10,Tuesday,0,142.34,99.72
TXN000848,42:09.7,USER0531,MERCHANT0494,2111.81,Entertainment,P2P,Hyderanbad,Android,BHIM,14,Tuesday,0,2111.81,0
TXN000849,01:37.3,USER0476,MERCHANT0039,95.8,Travel,P2P,Hyderanbad,Android,Google Pay,19,Tuesday,0,100.07,-4.27
TXN000850,21:04.9,USER0052,MERCHANT0073,106.59,Shopping,P2M,Mumbai,ios,PhonePe,23,Tuesday,0,113.63,-7.04
TXN000851,40:32.4,USER0571,MERCHANT0387,97.21,Utilities,Bill Payment,Pune,ios,BHIM,3,Wednesday,1,417.18,-319.97
TXN000852,00:00.0,USER0256,MERCHANT0495,104.01,Healthcare,P2P,Pune,ios,Google Pay,8,Wednesday,0,80.12,23.89
TXN000853,19:27.6,USER0940,MERCHANT0116,95.83,Entertainment,Bill Payment,Pune,ios,BHIM,12,Wednesday,0,95.83,0
TXN000854,38:55.1,USER0869,MERCHANT0441,595.27,Entertainment,P2M,Mumbai,Web,Google Pay,16,Wednesday,0,776.94,-181.67
TXN000855,58:22.7,USER0125,MERCHANT0347,750.32,Food,Bill Payment,Pune,Web,Google Pay,20,Wednesday,0,750.32,0
TXN000856,17:50.3,USER0468,MERCHANT0371,102.44,Grocery,P2M,Mumbai,ios,BHIM,1,Thursday,1,102.44,0
TXN000857,37:17.8,USER0137,MERCHANT0346,78.86,Food,Recharge,Bangalore,Web,Paytm,5,Thursday,0,78.86,0
TXN000858,56:45.4,USER0821,MERCHANT0204,290.45,Healthcare,Recharge,Mumbai,Web,Paytm,9,Thursday,0,290.45,0
TXN000859,16:13.0,USER0476,MERCHANT0496,104.35,Utilities,P2P,Delhi,Android,BHIM,14,Thursday,0,100.07,4.28
TXN000860,35:40.5,USER0684,MERCHANT0434,341.36,Entertainment,P2P,Chennai,Web,Google Pay,18,Thursday,0,331.04,10.32
TXN000861,55:08.1,USER0544,MERCHANT0412,222.05,Healthcare,Bill Payment,Pune,Web,Google Pay,22,Thursday,0,183.16,38.89
TXN000862,14:35.7,USER0573,MERCHANT0286,39.82,Travel,Bill Payment,Delhi,ios,Google Pay,3,Friday,1,39.82,0
TXN000863,34:03.2,USER0610,MERCHANT0188,851.93,Grocery,P2P,Delhi,ios,Google Pay,7,Friday,0,459.79,392.14
TXN000864,53:30.8,USER0325,MERCHANT0047,1092.12,Food,Recharge,Bangalore,ios,Google Pay,11,Friday,0,1092.12,0
TXN000865,12:58.4,USER0973,MERCHANT0405,98.22,Grocery,P2M,Hyderanbad,Android,Paytm,16,Friday,0,98.22,0
TXN000866,32:25.9,USER0774,MERCHANT0203,123.01,Food,Recharge,Bangalore,Android,Google Pay,20,Friday,0,177.91,-54.9
TXN000867,51:53.5,USER0913,MERCHANT0008,241.26,Healthcare,P2P,Chennai,ios,BHIM,0,Saturday,1,241.26,0
TXN000868,11:21.1,USER0454,MERCHANT0136,253.27,Entertainment,P2M,Mumbai,Android,Google Pay,5,Saturday,0,167.02,86.25
TXN000869,30:48.6,USER0628,MERCHANT0275,350.21,Shopping,Bill Payment,Chennai,Android,Google Pay,9,Saturday,0,350.21,0
TXN000870,50:16.2,USER0835,MERCHANT0064,1353.17,Shopping,P2P,Mumbai,Web,Paytm,13,Saturday,0,1353.17,0
TXN000871,09:43.8,USER0737,MERCHANT0233,151.87,Travel,Recharge,Pune,Web,PhonePe,18,Saturday,0,94.21,57.66
TXN000872,29:11.4,USER0914,MERCHANT0189,81.59,Utilities,Bill Payment,Delhi,Web,PhonePe,22,Saturday,0,134.41,-52.82
TXN000873,48:38.9,USER0517,MERCHANT0345,45.64,Grocery,Bill Payment,Bangalore,ios,Google Pay,2,Sunday,1,45.64,0
TXN000874,08:06.5,USER0437,MERCHANT0384,87.28,Utilities,P2P,Hyderanbad,ios,Paytm,7,Sunday,0,87.28,0
TXN000875,27:34.1,USER0851,MERCHANT0345,175.37,Food,Recharge,Bangalore,ios,Google Pay,11,Sunday,0,175.37,0
TXN000876,47:01.6,USER0929,MERCHANT0135,1090.68,Entertainment,P2P,Pune,Android,PhonePe,15,Sunday,0,744.21,346.47
TXN000877,06:29.2,USER0562,MERCHANT0300,108.03,Travel,P2M,Bangalore,Web,Paytm,20,Sunday,0,141.54,-33.51
TXN000878,25:56.8,USER0457,MERCHANT0196,226.74,Shopping,P2M,Hyderanbad,Web,BHIM,0,Monday,1,226.74,0
TXN000879,45:24.3,USER0919,MERCHANT0422,178.32,Shopping,Bill Payment,Hyderanbad,ios,BHIM,4,Monday,1,178.32,0
TXN000880,04:51.9,USER0163,MERCHANT0327,594.9,Travel,Recharge,Delhi,ios,Paytm,9,Monday,0,594.9,0
TXN000881,24:19.5,USER0762,MERCHANT0482,2268.63,Healthcare,P2M,Delhi,ios,BHIM,13,Monday,0,2268.63,0
TXN000882,43:47.0,USER0883,MERCHANT0191,106.61,Grocery,P2M,Pune,ios,Paytm,17,Monday,0,151.37,-44.76
TXN000883,03:14.6,USER0487,MERCHANT0056,111.11,Utilities,P2M,Delhi,ios,Google Pay,22,Monday,0,171.63,-60.52
TXN000884,22:42.2,USER0461,MERCHANT0346,515,Food,P2M,Chennai,ios,Google Pay,2,Tuesday,1,515,0
TXN000885,42:09.7,USER0266,MERCHANT0120,358.49,Utilities,P2P,Chennai,ios,PhonePe,6,Tuesday,0,358.49,0
TXN000886,01:37.3,USER0770,MERCHANT0242,1149.07,Shopping,Bill Payment,Mumbai,Web,Google Pay,11,Tuesday,0,509.49,639.58
TXN000887,21:04.9,USER0254,MERCHANT0013,325.03,Travel,Bill Payment,Delhi,Android,Google Pay,15,Tuesday,0,214.28,110.75
TXN000888,40:32.4,USER0861,MERCHANT0318,126.56,Shopping,P2M,Mumbai,Android,PhonePe,19,Tuesday,0,110.47,16.09
TXN000889,00:00.0,USER0653,MERCHANT0453,327.23,Entertainment,Bill Payment,Bangalore,Web,Paytm,0,Wednesday,1,177.58,149.65
TXN000890,19:27.6,USER0284,MERCHANT0483,549.33,Shopping,Bill Payment,Mumbai,Web,Google Pay,4,Wednesday,1,491.25,58.08
TXN000891,38:55.1,USER0785,MERCHANT0288,411.78,Food,Bill Payment,Pune,Android,Google Pay,8,Wednesday,0,309.18,102.6
TXN000892,58:22.7,USER0797,MERCHANT0168,301.05,Grocery,Bill Payment,Hyderanbad,ios,Google Pay,12,Wednesday,0,301.05,0
TXN000893,17:50.3,USER0534,MERCHANT0469,526.72,Grocery,P2P,Pune,Android,PhonePe,17,Wednesday,0,526.72,0
TXN000894,37:17.8,USER0497,MERCHANT0313,583.65,Entertainment,P2M,Pune,Web,Paytm,21,Wednesday,0,583.65,0
TXN000895,56:45.4,USER0642,MERCHANT0114,722.1,Food,Recharge,Chennai,Android,PhonePe,1,Thursday,1,722.1,0
TXN000896,16:13.0,USER0245,MERCHANT0332,346.79,Travel,P2P,Pune,ios,BHIM,6,Thursday,0,253.15,93.64
TXN000897,35:40.5,USER0282,MERCHANT0033,153.37,Utilities,Bill Payment,Chennai,Web,Google Pay,10,Thursday,0,148.4,4.97
TXN000898,55:08.1,USER0451,MERCHANT0326,209.92,Travel,P2M,Pune,Web,BHIM,14,Thursday,0,209.92,0
TXN000899,14:35.7,USER0080,MERCHANT0422,605.78,Utilities,P2M,Delhi,Android,Paytm,19,Thursday,0,605.78,0
TXN000900,34:03.2,USER0731,MERCHANT0238,80.08,Grocery,P2M,Chennai,Web,Google Pay,23,Thursday,0,113.65,-33.57
TXN000901,53:30.8,USER0293,MERCHANT0466,262.09,Shopping,P2M,Bangalore,Android,BHIM,3,Friday,1,257.41,4.68
TXN000902,12:58.4,USER0241,MERCHANT0359,122.32,Healthcare,Bill Payment,Hyderanbad,Android,BHIM,8,Friday,0,133.12,-10.8
TXN000903,32:25.9,USER0279,MERCHANT0155,186.56,Shopping,P2M,Mumbai,Web,BHIM,12,Friday,0,302.32,-115.76
TXN000904,51:53.5,USER0344,MERCHANT0333,650.96,Entertainment,Recharge,Chennai,Web,Google Pay,16,Friday,0,418.72,232.24
TXN000905,11:21.1,USER0328,MERCHANT0210,219.44,Travel,Recharge,Mumbai,Android,Google Pay,21,Friday,0,219.44,0
TXN000906,30:48.6,USER0915,MERCHANT0060,189.89,Food,P2M,Bangalore,Web,Google Pay,1,Saturday,1,182.49,7.4
TXN000907,50:16.2,USER0554,MERCHANT0072,46.53,Utilities,Bill Payment,Pune,Web,Google Pay,5,Saturday,0,614.98,-568.45
TXN000908,09:43.8,USER0083,MERCHANT0024,382.32,Shopping,Recharge,Chennai,ios,PhonePe,10,Saturday,0,245.38,136.94
TXN000909,29:11.4,USER0142,MERCHANT0485,345.67,Entertainment,Recharge,Pune,Web,BHIM,14,Saturday,0,215.49,130.18
TXN000910,48:38.9,USER0155,MERCHANT0020,1576.96,Travel,Recharge,Hyderanbad,Android,PhonePe,18,Saturday,0,1576.96,0
TXN000911,08:06.5,USER0237,MERCHANT0156,133.25,Food,P2P,Mumbai,Android,Paytm,23,Saturday,0,133.25,0
TXN000912,27:34.1,USER0393,MERCHANT0253,225.69,Grocery,P2P,Pune,Web,BHIM,3,Sunday,1,225.69,0
TXN000913,47:01.6,USER0711,MERCHANT0060,232.61,Food,Recharge,Delhi,ios,Google Pay,7,Sunday,0,232.61,0
TXN000914,06:29.2,USER0157,MERCHANT0050,877.83,Healthcare,Bill Payment,Hyderanbad,Web,Google Pay,12,Sunday,0,582.61,295.22
TXN000915,25:56.8,USER0724,MERCHANT0121,164.8,Grocery,Bill Payment,Delhi,Web,Google Pay,16,Sunday,0,164.8,0
TXN000916,45:24.3,USER0220,MERCHANT0455,239.61,Travel,Recharge,Chennai,ios,PhonePe,20,Sunday,0,288.98,-49.37
TXN000917,04:51.9,USER0066,MERCHANT0276,332.92,Food,Recharge,Chennai,Web,Google Pay,1,Monday,1,270.54,62.38
TXN000918,24:19.5,USER0425,MERCHANT0070,218.46,Entertainment,Bill Payment,Chennai,Android,BHIM,5,Monday,0,372.28,-153.82
TXN000919,43:47.0,USER0418,MERCHANT0199,116,Travel,P2P,Delhi,ios,BHIM,9,Monday,0,116,0
TXN000920,03:14.6,USER0339,MERCHANT0233,220.1,Grocery,P2P,Bangalore,ios,Paytm,14,Monday,0,352.04,-131.94
TXN000921,22:42.2,USER0556,MERCHANT0190,530.4,Healthcare,Recharge,Bangalore,Android,BHIM,18,Monday,0,334.43,195.97
TXN000922,42:09.7,USER0478,MERCHANT0344,64.94,Entertainment,Bill Payment,Delhi,Web,Google Pay,22,Monday,0,64.94,0
TXN000923,01:37.3,USER0426,MERCHANT0487,207.05,Healthcare,P2P,Bangalore,Web,BHIM,3,Tuesday,1,207.05,0
TXN000924,21:04.9,USER0064,MERCHANT0381,90.01,Shopping,Recharge,Delhi,ios,BHIM,7,Tuesday,0,90.01,0
TXN000925,40:32.4,USER0212,MERCHANT0357,598.87,Entertainment,P2M,Pune,Android,PhonePe,11,Tuesday,0,598.87,0
TXN000926,00:00.0,USER0853,MERCHANT0485,39.52,Shopping,Recharge,Bangalore,ios,BHIM,16,Tuesday,0,39.52,0
TXN000927,19:27.6,USER0431,MERCHANT0277,103.66,Entertainment,P2M,Delhi,Web,Paytm,20,Tuesday,0,86.9,16.76
TXN000928,38:55.1,USER0399,MERCHANT0215,264.33,Grocery,Recharge,Chennai,Web,BHIM,0,Wednesday,1,514.76,-250.43
TXN000929,58:22.7,USER0927,MERCHANT0301,867.42,Utilities,Bill Payment,Hyderanbad,Android,PhonePe,4,Wednesday,1,867.42,0
TXN000930,17:50.3,USER0789,MERCHANT0381,169.74,Utilities,Bill Payment,Hyderanbad,ios,PhonePe,9,Wednesday,0,118.27,51.47
TXN000931,37:17.8,USER0599,MERCHANT0373,104.04,Shopping,Bill Payment,Bangalore,ios,BHIM,13,Wednesday,0,238.16,-134.12
TXN000932,56:45.4,USER0969,MERCHANT0080,1189.34,Shopping,Bill Payment,Hyderanbad,Web,BHIM,17,Wednesday,0,1189.34,0
TXN000933,16:13.0,USER0713,MERCHANT0454,42.61,Healthcare,P2M,Mumbai,Android,PhonePe,22,Wednesday,0,142.34,-99.73
TXN000934,35:40.5,USER0021,MERCHANT0213,20.11,Food,Recharge,Mumbai,Web,Google Pay,2,Thursday,1,20.11,0
TXN000935,55:08.1,USER0878,MERCHANT0336,281.47,Entertainment,Bill Payment,Hyderanbad,Android,BHIM,6,Thursday,0,281.47,0
TXN000936,14:35.7,USER0902,MERCHANT0051,109.72,Entertainment,P2P,Chennai,Web,PhonePe,11,Thursday,0,109.72,0
TXN000937,34:03.2,USER0784,MERCHANT0427,65.29,Entertainment,P2P,Delhi,Web,BHIM,15,Thursday,0,65.29,0
TXN000938,53:30.8,USER0590,MERCHANT0251,368.1,Entertainment,P2P,Hyderanbad,Android,PhonePe,19,Thursday,0,1087.08,-718.98
TXN000939,12:58.4,USER0390,MERCHANT0316,231.32,Food,Recharge,Chennai,Web,Google Pay,0,Friday,1,218.44,12.88
TXN000940,32:25.9,USER0489,MERCHANT0209,103.12,Healthcare,P2P,Hyderanbad,Android,Paytm,4,Friday,1,137.3,-34.18
TXN000941,51:53.5,USER0007,MERCHANT0481,50.39,Shopping,P2P,Hyderanbad,ios,BHIM,8,Friday,0,49.21,1.18
TXN000942,11:21.1,USER0966,MERCHANT0488,433.75,Utilities,P2M,Delhi,Android,BHIM,13,Friday,0,292.29,141.46
TXN000943,30:48.6,USER0361,MERCHANT0144,347.3,Food,Recharge,Delhi,Android,Paytm,17,Friday,0,347.3,0
TXN000944,50:16.2,USER0306,MERCHANT0017,164.16,Grocery,Recharge,Chennai,Web,Paytm,21,Friday,0,112.93,51.23
TXN000945,09:43.8,USER0772,MERCHANT0354,1148.99,Food,P2P,Mumbai,Web,BHIM,2,Saturday,1,1140.34,8.65
TXN000946,29:11.4,USER0400,MERCHANT0190,62.17,Healthcare,Recharge,Bangalore,Web,Google Pay,6,Saturday,0,133.3,-71.13
TXN000947,48:38.9,USER0874,MERCHANT0112,39.43,Food,P2M,Mumbai,Android,BHIM,10,Saturday,0,53.82,-14.39
TXN000948,08:06.5,USER0914,MERCHANT0228,90.75,Food,P2M,Delhi,Web,Paytm,15,Saturday,0,134.41,-43.66
TXN000949,27:34.1,USER0977,MERCHANT0228,173.19,Healthcare,Bill Payment,Delhi,Web,PhonePe,19,Saturday,0,204.81,-31.62
TXN000950,47:01.6,USER0856,MERCHANT0487,231.21,Travel,P2M,Chennai,ios,Google Pay,23,Saturday,0,231.21,0
TXN000951,06:29.2,USER0430,MERCHANT0121,142.42,Grocery,Bill Payment,Delhi,ios,BHIM,4,Sunday,1,468.18,-325.76
TXN000952,25:56.8,USER0552,MERCHANT0438,257.77,Shopping,P2P,Delhi,Android,BHIM,8,Sunday,0,284.63,-26.86
TXN000953,45:24.3,USER0766,MERCHANT0186,51.86,Utilities,Bill Payment,Delhi,Android,PhonePe,12,Sunday,0,433.09,-381.23
TXN000954,04:51.9,USER0753,MERCHANT0051,767.98,Utilities,Bill Payment,Chennai,ios,PhonePe,17,Sunday,0,453.9,314.08
TXN000955,24:19.5,USER0560,MERCHANT0352,166.98,Shopping,P2P,Chennai,Android,Google Pay,21,Sunday,0,166.98,0
TXN000956,43:47.0,USER0820,MERCHANT0189,554.07,Travel,Bill Payment,Chennai,Android,Google Pay,1,Monday,1,261.35,292.72
TXN000957,03:14.6,USER0618,MERCHANT0279,255.37,Healthcare,P2M,Delhi,ios,BHIM,6,Monday,0,255.37,0
TXN000958,22:42.2,USER0920,MERCHANT0462,286.22,Utilities,P2P,Pune,ios,BHIM,10,Monday,0,380.62,-94.4
TXN000959,42:09.7,USER0226,MERCHANT0331,320.46,Food,Recharge,Pune,Android,Paytm,14,Monday,0,215.04,105.42
TXN000960,01:37.3,USER0500,MERCHANT0184,283.64,Utilities,Bill Payment,Hyderanbad,Android,BHIM,19,Monday,0,283.64,0
TXN000961,21:04.9,USER0225,MERCHANT0032,344.72,Grocery,P2M,Pune,Web,PhonePe,23,Monday,0,147.54,197.18
TXN000962,40:32.4,USER0280,MERCHANT0204,684.82,Grocery,Recharge,Mumbai,Android,Google Pay,3,Tuesday,1,684.82,0
TXN000963,00:00.0,USER0447,MERCHANT0142,220.64,Shopping,P2P,Hyderanbad,Web,BHIM,8,Tuesday,0,268.41,-47.77
TXN000964,19:27.6,USER0498,MERCHANT0098,368.34,Travel,P2P,Bangalore,ios,Google Pay,12,Tuesday,0,267.72,100.62
TXN000965,38:55.1,USER0030,MERCHANT0496,165.71,Entertainment,P2P,Chennai,ios,BHIM,16,Tuesday,0,165.71,0
TXN000966,58:22.7,USER0399,MERCHANT0063,765.18,Entertainment,P2M,Delhi,ios,PhonePe,20,Tuesday,0,514.76,250.42
TXN000967,17:50.3,USER0345,MERCHANT0486,92.17,Travel,Recharge,Chennai,ios,Paytm,1,Wednesday,1,171.42,-79.25
TXN000968,37:17.8,USER0685,MERCHANT0435,1097.66,Utilities,P2P,Pune,Android,Paytm,5,Wednesday,0,1097.66,0
TXN000969,56:45.4,USER0696,MERCHANT0422,174.14,Travel,P2M,Chennai,Android,Google Pay,9,Wednesday,0,140.71,33.43
TXN000970,16:13.0,USER0818,MERCHANT0233,43.35,Healthcare,P2M,Mumbai,Web,PhonePe,14,Wednesday,0,43.35,0
TXN000971,35:40.5,USER0415,MERCHANT0047,206.05,Travel,Recharge,Chennai,ios,PhonePe,18,Wednesday,0,206.05,0
TXN000972,55:08.1,USER0742,MERCHANT0340,91.74,Healthcare,P2P,Bangalore,Android,PhonePe,22,Wednesday,0,91.74,0
TXN000973,14:35.7,USER0170,MERCHANT0109,420.16,Utilities,P2P,Delhi,Web,BHIM,3,Thursday,1,320.68,99.48
TXN000974,34:03.2,USER0861,MERCHANT0329,94.38,Grocery,Bill Payment,Delhi,Web,Paytm,7,Thursday,0,110.47,-16.09
TXN000975,53:30.8,USER0479,MERCHANT0328,116.03,Food,P2P,Bangalore,Web,PhonePe,11,Thursday,0,181.7,-65.67
TXN000976,12:58.4,USER0942,MERCHANT0306,27.4,Shopping,Recharge,Bangalore,ios,BHIM,16,Thursday,0,101.42,-74.02
TXN000977,32:25.9,USER0131,MERCHANT0498,115.32,Entertainment,P2M,Bangalore,Web,Google Pay,20,Thursday,0,145.57,-30.25
TXN000978,51:53.5,USER0638,MERCHANT0011,16.06,Grocery,Recharge,Chennai,ios,BHIM,0,Friday,1,16.06,0
TXN000979,11:21.1,USER0547,MERCHANT0026,37.19,Travel,P2P,Mumbai,Web,BHIM,5,Friday,0,114.86,-77.67
TXN000980,30:48.6,USER0028,MERCHANT0403,387.77,Travel,P2M,Hyderanbad,Web,PhonePe,9,Friday,0,183.29,204.48
TXN000981,50:16.2,USER0929,MERCHANT0171,397.74,Entertainment,Recharge,Chennai,Web,Google Pay,13,Friday,0,744.21,-346.47
TXN000982,09:43.8,USER0404,MERCHANT0125,277.4,Utilities,P2P,Hyderanbad,Android,Paytm,18,Friday,0,277.4,0
TXN000983,29:11.4,USER0607,MERCHANT0065,68.93,Shopping,P2P,Pune,ios,Google Pay,22,Friday,0,68.93,0
TXN000984,48:38.9,USER0578,MERCHANT0403,172.83,Food,P2P,Delhi,Web,Google Pay,2,Saturday,1,172.83,0
TXN000985,08:06.5,USER0679,MERCHANT0290,180.62,Healthcare,Bill Payment,Chennai,ios,Google Pay,7,Saturday,0,180.62,0
TXN000986,27:34.1,USER0028,MERCHANT0106,56.92,Healthcare,Bill Payment,Chennai,ios,Google Pay,11,Saturday,0,183.29,-126.37
TXN000987,47:01.6,USER0086,MERCHANT0036,815.17,Utilities,Bill Payment,Pune,Web,PhonePe,15,Saturday,0,815.17,0
TXN000988,06:29.2,USER0659,MERCHANT0425,435.88,Entertainment,P2M,Chennai,Web,BHIM,20,Saturday,0,346.1,89.78
TXN000989,25:56.8,USER0439,MERCHANT0392,145.33,Utilities,Recharge,Hyderanbad,Android,Paytm,0,Sunday,1,112.56,32.77
TXN000990,45:24.3,USER0139,MERCHANT0284,186.21,Food,P2M,Chennai,Web,Paytm,4,Sunday,1,186.21,0
TXN000991,04:51.9,USER0888,MERCHANT0107,223.27,Healthcare,P2M,Bangalore,ios,BHIM,9,Sunday,0,211.51,11.76
TXN000992,24:19.5,USER0473,MERCHANT0301,23.53,Food,P2P,Chennai,ios,Paytm,13,Sunday,0,23.53,0
TXN000993,43:47.0,USER0187,MERCHANT0111,141.57,Travel,P2P,Delhi,Android,Google Pay,17,Sunday,0,141.57,0
TXN000994,03:14.6,USER0052,MERCHANT0417,91.65,Utilities,P2M,Hyderanbad,Web,PhonePe,22,Sunday,0,113.63,-21.98
TXN000995,22:42.2,USER0267,MERCHANT0446,66.58,Healthcare,Recharge,Delhi,ios,Google Pay,2,Monday,1,66.58,0
TXN000996,42:09.7,USER0389,MERCHANT0120,136.85,Grocery,Bill Payment,Pune,ios,Google Pay,6,Monday,0,118.4,18.45
TXN000997,01:37.3,USER0336,MERCHANT0169,1094.1,Healthcare,P2M,Chennai,ios,PhonePe,11,Monday,0,1094.1,0
TXN000998,21:04.9,USER0217,MERCHANT0397,344.07,Grocery,P2M,Hyderanbad,ios,Paytm,15,Monday,0,268.52,75.55
TXN000999,40:32.4,USER0466,MERCHANT0076,102.39,Utilities,Recharge,Pune,ios,PhonePe,19,Monday,1,376.42,-274.03
TXN001000,00:00.0,USER0335,MERCHANT0404,321.37,Food,Recharge,Delhi,Web,BHIM,0,Tuesday,1,203.27,118.1
